order_id,date,category,unit_price,quantity,discount_pct,revenue,region,channel
1700,2025-01-01,Electronics,656.72,4,5,2495.54,North,Online
2342,2025-01-01,Electronics,379.06,2,5,720.21,West,Online
3434,2025-01-01,Electronics,686.61,2,0,1373.22,South,Online
3895,2025-01-01,Electronics,297.44,1,0,297.44,East,Online
4341,2025-01-01,Electronics,260.4,3,10,703.08,South,In-Store
5668,2025-01-01,Clothing,28.34,4,0,113.36,East,Online
5759,2025-01-01,Clothing,67.21,3,0,201.63,West,Online
5875,2025-01-01,Clothing,110.01,5,0,550.05,West,In-Store
1502,2025-01-02,Home & Kitchen,171.05,2,0,342.1,East,Online
1599,2025-01-02,Sports,109.89,5,5,521.98,West,Online
2205,2025-01-02,Clothing,42.79,2,0,85.58,North,Online
2490,2025-01-02,Books,32.99,5,15,140.21,North,In-Store
3136,2025-01-02,Electronics,190.89,5,0,954.45,East,Online
3548,2025-01-02,Clothing,98.44,3,0,295.32,South,Online
4845,2025-01-02,Home & Kitchen,134.75,5,0,673.75,West,Online
5649,2025-01-02,Clothing,80.7,5,0,403.5,South,Online
5754,2025-01-02,Home & Kitchen,72.57,1,0,72.57,North,Online
1215,2025-01-03,Electronics,273.0,3,0,819.0,South,Online
1763,2025-01-03,Sports,34.5,4,5,131.1,South,In-Store
2540,2025-01-03,Sports,41.19,5,0,205.95,East,In-Store
2770,2025-01-03,Books,24.21,1,0,24.21,East,Online
2952,2025-01-03,Sports,140.52,4,15,477.77,North,Online
3269,2025-01-03,Clothing,23.5,2,0,47.0,East,Online
3322,2025-01-03,Electronics,337.42,5,20,1349.68,West,In-Store
3580,2025-01-03,Clothing,105.74,3,0,317.22,North,Online
3839,2025-01-03,Books,30.45,1,0,30.45,West,In-Store
4032,2025-01-03,Electronics,412.95,1,0,412.95,North,Online
4335,2025-01-03,Home & Kitchen,171.05,5,0,855.25,West,Online
4932,2025-01-03,Electronics,867.36,3,0,2602.08,West,Online
5674,2025-01-03,Books,34.24,1,0,34.24,West,Online
1038,2025-01-04,Electronics,634.1,1,20,507.28,West,In-Store
1220,2025-01-04,Sports,157.03,4,0,628.12,West,Online
1316,2025-01-04,Clothing,89.57,5,5,425.46,West,Online
2237,2025-01-04,Clothing,99.17,3,5,282.63,North,Online
2768,2025-01-04,Electronics,865.98,2,0,1731.96,North,In-Store
3056,2025-01-04,Home & Kitchen,208.76,3,15,532.34,North,Online
3440,2025-01-04,Clothing,32.12,1,0,32.12,West,Online
3603,2025-01-04,Books,5.89,1,0,5.89,North,Online
3640,2025-01-04,Electronics,445.12,5,5,2114.32,South,Online
3653,2025-01-04,Sports,66.85,1,5,63.51,West,Online
4332,2025-01-04,Home & Kitchen,218.26,4,0,873.04,West,In-Store
4977,2025-01-04,Sports,91.27,4,0,365.08,North,Online
4983,2025-01-04,Electronics,748.45,3,0,2245.35,North,Online
5001,2025-01-04,Clothing,54.08,2,0,108.16,South,In-Store
5098,2025-01-04,Electronics,450.65,4,5,1712.47,West,Online
5232,2025-01-04,Clothing,77.01,3,5,219.48,South,In-Store
5713,2025-01-04,Clothing,52.27,5,0,261.35,South,Online
1269,2025-01-05,Sports,157.19,1,0,157.19,North,In-Store
1281,2025-01-05,Sports,100.06,2,0,200.12,South,In-Store
1496,2025-01-05,Sports,89.84,3,0,269.52,North,Online
1841,2025-01-05,Electronics,689.43,1,10,620.49,North,Online
2330,2025-01-05,Clothing,96.97,5,20,387.88,East,Online
2379,2025-01-05,Electronics,803.63,5,0,4018.15,East,In-Store
2448,2025-01-05,Books,28.0,1,15,23.8,West,Online
3151,2025-01-05,Sports,58.59,3,20,140.62,West,In-Store
3655,2025-01-05,Sports,196.66,4,5,747.31,East,In-Store
3784,2025-01-05,Clothing,45.74,2,0,91.48,East,Online
4759,2025-01-05,Sports,170.65,4,15,580.21,North,Online
5579,2025-01-05,Electronics,757.68,4,0,3030.72,East,Online
5626,2025-01-05,Electronics,615.1,2,0,1230.2,East,Online
1039,2025-01-06,Home & Kitchen,23.56,5,0,117.8,North,Online
1640,2025-01-06,Home & Kitchen,214.17,2,15,364.09,West,Online
1641,2025-01-06,Home & Kitchen,29.03,3,20,69.67,South,Online
1756,2025-01-06,Clothing,113.95,5,0,569.75,South,Online
2814,2025-01-06,Home & Kitchen,242.94,3,0,728.82,East,Online
2819,2025-01-06,Clothing,27.85,2,5,52.92,South,In-Store
4284,2025-01-06,Electronics,636.06,2,10,1144.91,North,In-Store
5057,2025-01-06,Books,22.78,3,20,54.67,South,In-Store
5397,2025-01-06,Clothing,38.68,5,0,193.4,North,In-Store
5409,2025-01-06,Electronics,417.87,1,0,417.87,East,In-Store
5655,2025-01-06,Clothing,73.7,4,0,294.8,East,Online
5675,2025-01-06,Sports,54.99,5,0,274.95,South,Online
5884,2025-01-06,Clothing,65.85,4,0,263.4,North,Online
1275,2025-01-07,Home & Kitchen,38.61,5,5,183.4,East,Online
1331,2025-01-07,Electronics,327.59,3,10,884.49,West,Online
1754,2025-01-07,Electronics,740.98,3,0,2222.94,West,Online
1862,2025-01-07,Electronics,206.48,3,0,619.44,South,In-Store
2398,2025-01-07,Home & Kitchen,207.65,4,15,706.01,North,Online
2842,2025-01-07,Sports,63.56,3,0,190.68,South,In-Store
3009,2025-01-07,Home & Kitchen,92.19,5,0,460.95,West,Online
3814,2025-01-07,Sports,59.11,2,0,118.22,South,In-Store
4312,2025-01-07,Sports,124.79,2,0,249.58,South,In-Store
4678,2025-01-07,Electronics,335.66,5,0,1678.3,West,Online
4767,2025-01-07,Sports,153.31,5,0,766.55,East,Online
4996,2025-01-07,Electronics,294.07,1,0,294.07,West,Online
4997,2025-01-07,Home & Kitchen,212.87,3,15,542.82,South,In-Store
5194,2025-01-07,Electronics,654.26,3,0,1962.78,West,Online
5740,2025-01-07,Clothing,77.54,4,0,310.16,East,In-Store
1382,2025-01-08,Books,5.07,5,0,25.35,East,Online
2107,2025-01-08,Home & Kitchen,45.95,4,0,183.8,West,Online
2395,2025-01-08,Home & Kitchen,199.71,5,0,998.55,West,In-Store
2662,2025-01-08,Clothing,67.08,3,0,201.24,North,Online
2796,2025-01-08,Sports,103.85,1,15,88.27,East,Online
2884,2025-01-08,Sports,79.77,3,0,239.31,South,Online
3267,2025-01-08,Home & Kitchen,231.37,4,0,925.48,North,Online
4045,2025-01-08,Electronics,422.87,2,0,845.74,East,In-Store
4187,2025-01-08,Clothing,32.95,5,0,164.75,South,Online
4936,2025-01-08,Sports,153.74,5,0,768.7,North,Online
2241,2025-01-09,Electronics,550.92,1,5,523.37,North,Online
2718,2025-01-09,Clothing,91.38,2,5,173.62,West,Online
3238,2025-01-09,Electronics,308.64,3,10,833.33,East,In-Store
3486,2025-01-09,Books,5.21,4,0,20.84,West,Online
3535,2025-01-09,Sports,145.98,5,5,693.4,South,In-Store
3849,2025-01-09,Sports,28.01,3,0,84.03,East,Online
3927,2025-01-09,Home & Kitchen,138.88,3,15,354.14,West,Online
4148,2025-01-09,Home & Kitchen,29.76,3,0,89.28,South,In-Store
4392,2025-01-09,Home & Kitchen,40.01,4,0,160.04,South,In-Store
4469,2025-01-09,Clothing,58.15,3,5,165.73,West,In-Store
4669,2025-01-09,Clothing,117.47,3,0,352.41,East,Online
4815,2025-01-09,Home & Kitchen,178.76,1,20,143.01,North,Online
4831,2025-01-09,Electronics,388.71,5,5,1846.37,North,In-Store
5133,2025-01-09,Home & Kitchen,56.04,4,0,224.16,South,In-Store
5250,2025-01-09,Books,26.37,3,0,79.11,South,Online
5976,2025-01-09,Sports,125.76,5,0,628.8,East,Online
1311,2025-01-10,Sports,165.8,3,0,497.4,East,In-Store
2113,2025-01-10,Sports,119.5,2,0,239.0,North,Online
2479,2025-01-10,Books,9.84,5,0,49.2,South,Online
2777,2025-01-10,Sports,60.81,5,20,243.24,West,Online
2820,2025-01-10,Sports,37.49,4,0,149.96,North,Online
2985,2025-01-10,Home & Kitchen,164.48,3,0,493.44,South,Online
2994,2025-01-10,Home & Kitchen,132.96,2,0,265.92,North,Online
3002,2025-01-10,Home & Kitchen,160.45,2,20,256.72,South,In-Store
3106,2025-01-10,Sports,60.13,3,0,180.39,West,Online
3343,2025-01-10,Electronics,467.64,5,5,2221.29,West,In-Store
3455,2025-01-10,Home & Kitchen,168.45,5,15,715.91,East,Online
3470,2025-01-10,Electronics,535.14,1,0,535.14,West,Online
3628,2025-01-10,Electronics,818.14,5,0,4090.7,West,Online
3917,2025-01-10,Books,13.29,1,15,11.3,South,Online
4283,2025-01-10,Clothing,87.76,2,0,175.52,South,In-Store
5354,2025-01-10,Home & Kitchen,132.47,2,0,264.94,North,Online
5683,2025-01-10,Home & Kitchen,203.3,3,10,548.91,West,Online
5844,2025-01-10,Sports,101.91,2,10,183.44,West,Online
1149,2025-01-11,Home & Kitchen,107.33,4,0,429.32,West,Online
1954,2025-01-11,Clothing,55.91,5,0,279.55,West,Online
3049,2025-01-11,Home & Kitchen,193.86,5,15,823.91,East,In-Store
3349,2025-01-11,Books,15.08,3,10,40.72,South,In-Store
3370,2025-01-11,Electronics,197.17,4,0,788.68,South,In-Store
3639,2025-01-11,Books,39.15,3,0,117.45,South,Online
3940,2025-01-11,Sports,152.17,5,0,760.85,East,In-Store
4297,2025-01-11,Electronics,803.0,3,5,2288.55,West,In-Store
4364,2025-01-11,Clothing,68.9,2,5,130.91,East,Online
4751,2025-01-11,Books,15.81,3,20,37.94,South,Online
5032,2025-01-11,Books,33.33,3,0,99.99,North,Online
5094,2025-01-11,Home & Kitchen,86.86,3,0,260.58,North,Online
5171,2025-01-11,Home & Kitchen,57.61,5,0,288.05,West,Online
5465,2025-01-11,Electronics,231.31,4,0,925.24,North,In-Store
5631,2025-01-11,Books,19.35,2,0,38.7,East,Online
5653,2025-01-11,Home & Kitchen,135.39,5,20,541.56,East,Online
1080,2025-01-12,Books,7.03,4,0,28.12,West,Online
1195,2025-01-12,Electronics,586.63,1,0,586.63,South,Online
1941,2025-01-12,Home & Kitchen,195.29,2,0,390.58,West,In-Store
2428,2025-01-12,Clothing,83.23,2,0,166.46,West,Online
3528,2025-01-12,Clothing,33.27,1,5,31.61,East,In-Store
3879,2025-01-12,Clothing,79.58,1,0,79.58,West,In-Store
3894,2025-01-12,Clothing,27.35,5,0,136.75,East,Online
4197,2025-01-12,Clothing,17.62,3,0,52.86,West,Online
4220,2025-01-12,Electronics,645.56,2,0,1291.12,South,Online
4359,2025-01-12,Clothing,21.15,1,0,21.15,East,Online
4855,2025-01-12,Clothing,113.14,3,0,339.42,South,Online
4887,2025-01-12,Books,6.03,5,15,25.63,South,In-Store
5241,2025-01-12,Electronics,605.71,5,0,3028.55,North,Online
5288,2025-01-12,Clothing,84.45,1,0,84.45,South,Online
5837,2025-01-12,Home & Kitchen,148.56,1,0,148.56,South,In-Store
5864,2025-01-12,Electronics,572.99,5,10,2578.46,North,In-Store
1044,2025-01-13,Electronics,153.89,4,0,615.56,North,Online
1116,2025-01-13,Clothing,19.67,5,0,98.35,North,In-Store
1435,2025-01-13,Home & Kitchen,209.1,2,10,376.38,West,Online
1596,2025-01-13,Clothing,76.03,1,0,76.03,West,Online
1838,2025-01-13,Home & Kitchen,70.67,3,0,212.01,South,Online
1982,2025-01-13,Electronics,605.83,1,5,575.54,East,Online
2414,2025-01-13,Clothing,64.6,5,5,306.85,West,Online
2464,2025-01-13,Electronics,582.72,5,0,2913.6,East,Online
2574,2025-01-13,Home & Kitchen,149.41,3,0,448.23,South,Online
2584,2025-01-13,Books,21.18,3,20,50.83,North,In-Store
2783,2025-01-13,Clothing,32.27,2,0,64.54,East,Online
2841,2025-01-13,Electronics,572.54,3,0,1717.62,North,Online
2958,2025-01-13,Home & Kitchen,27.16,2,0,54.32,South,Online
2986,2025-01-13,Home & Kitchen,20.31,4,0,81.24,North,Online
4352,2025-01-13,Books,27.82,1,5,26.43,South,Online
4622,2025-01-13,Clothing,110.42,5,0,552.1,East,Online
4827,2025-01-13,Sports,110.71,4,15,376.41,West,Online
5227,2025-01-13,Books,15.44,5,0,77.2,West,Online
5246,2025-01-13,Electronics,847.87,2,0,1695.74,West,In-Store
5252,2025-01-13,Home & Kitchen,237.82,2,5,451.86,North,Online
1224,2025-01-14,Books,11.33,5,0,56.65,South,Online
1821,2025-01-14,Clothing,31.22,2,0,62.44,North,In-Store
2516,2025-01-14,Electronics,658.1,5,0,3290.5,West,Online
2585,2025-01-14,Clothing,45.1,5,0,225.5,South,Online
2646,2025-01-14,Home & Kitchen,49.67,4,0,198.68,South,Online
2907,2025-01-14,Electronics,236.89,3,0,710.67,South,Online
3701,2025-01-14,Electronics,870.96,4,10,3135.46,North,Online
4137,2025-01-14,Clothing,39.85,5,0,199.25,East,Online
4412,2025-01-14,Sports,107.76,4,15,366.38,East,Online
5366,2025-01-14,Home & Kitchen,78.16,4,0,312.64,North,Online
5395,2025-01-14,Clothing,81.5,5,0,407.5,West,Online
5442,2025-01-14,Electronics,446.12,4,0,1784.48,East,Online
5628,2025-01-14,Home & Kitchen,72.66,3,10,196.18,East,In-Store
5693,2025-01-14,Clothing,16.87,2,5,32.05,South,Online
5984,2025-01-14,Home & Kitchen,37.4,2,10,67.32,East,Online
1987,2025-01-15,Electronics,629.4,1,0,629.4,South,In-Store
2007,2025-01-15,Electronics,777.06,4,0,3108.24,West,Online
2771,2025-01-15,Clothing,104.01,1,0,104.01,West,In-Store
2888,2025-01-15,Electronics,403.24,4,0,1612.96,West,Online
2919,2025-01-15,Electronics,333.05,1,0,333.05,West,Online
2935,2025-01-15,Sports,73.13,5,5,347.37,South,In-Store
3252,2025-01-15,Books,38.77,4,10,139.57,South,In-Store
3731,2025-01-15,Home & Kitchen,133.45,4,15,453.73,South,In-Store
4234,2025-01-15,Electronics,666.81,4,0,2667.24,South,Online
4595,2025-01-15,Home & Kitchen,195.87,5,5,930.38,South,Online
5234,2025-01-15,Home & Kitchen,207.18,4,0,828.72,South,Online
5448,2025-01-15,Home & Kitchen,198.06,3,5,564.47,West,Online
5987,2025-01-15,Sports,145.51,2,0,291.02,South,Online
1167,2025-01-16,Books,11.32,5,0,56.6,South,In-Store
1445,2025-01-16,Clothing,82.93,5,5,393.92,East,In-Store
1703,2025-01-16,Clothing,105.69,4,15,359.35,North,Online
1730,2025-01-16,Clothing,94.58,5,5,449.25,South,Online
1772,2025-01-16,Home & Kitchen,151.28,1,0,151.28,North,In-Store
2483,2025-01-16,Electronics,768.51,5,0,3842.55,West,Online
2546,2025-01-16,Electronics,794.58,4,10,2860.49,South,Online
2549,2025-01-16,Clothing,85.89,1,0,85.89,East,Online
2677,2025-01-16,Clothing,113.66,4,15,386.44,East,In-Store
2848,2025-01-16,Electronics,256.92,1,5,244.07,South,In-Store
2853,2025-01-16,Books,17.71,1,0,17.71,East,In-Store
2998,2025-01-16,Books,37.45,4,0,149.8,North,Online
3421,2025-01-16,Sports,167.39,4,5,636.08,South,Online
3754,2025-01-16,Electronics,813.57,1,0,813.57,South,In-Store
3827,2025-01-16,Electronics,568.64,5,10,2558.88,West,Online
3965,2025-01-16,Home & Kitchen,51.62,5,0,258.1,North,Online
4006,2025-01-16,Electronics,180.25,1,10,162.22,East,Online
4333,2025-01-16,Sports,130.27,5,15,553.65,North,Online
4740,2025-01-16,Clothing,85.55,3,20,205.32,West,In-Store
4753,2025-01-16,Electronics,377.98,5,0,1889.9,East,In-Store
4975,2025-01-16,Clothing,44.94,5,0,224.7,North,In-Store
5215,2025-01-16,Books,12.61,4,0,50.44,East,In-Store
5319,2025-01-16,Clothing,15.1,5,0,75.5,North,Online
5866,2025-01-16,Clothing,81.13,4,5,308.29,West,Online
1441,2025-01-17,Books,14.33,5,0,71.65,East,In-Store
1992,2025-01-17,Books,36.79,5,0,183.95,South,Online
2322,2025-01-17,Sports,151.68,1,0,151.68,West,Online
2339,2025-01-17,Books,23.21,2,0,46.42,East,In-Store
3161,2025-01-17,Home & Kitchen,98.01,5,0,490.05,West,Online
3714,2025-01-17,Electronics,290.91,2,0,581.82,East,In-Store
3817,2025-01-17,Sports,157.59,3,0,472.77,North,Online
4026,2025-01-17,Sports,105.39,4,20,337.25,West,Online
4057,2025-01-17,Home & Kitchen,214.81,4,0,859.24,North,Online
4807,2025-01-17,Clothing,116.97,3,0,350.91,East,Online
4825,2025-01-17,Electronics,727.25,2,5,1381.78,South,In-Store
5422,2025-01-17,Home & Kitchen,242.44,5,5,1151.59,North,In-Store
1644,2025-01-18,Electronics,853.9,2,0,1707.8,East,In-Store
1705,2025-01-18,Home & Kitchen,64.9,5,20,259.6,North,Online
1774,2025-01-18,Sports,57.89,1,0,57.89,West,Online
1777,2025-01-18,Clothing,91.3,3,10,246.51,East,In-Store
1830,2025-01-18,Electronics,229.62,4,0,918.48,West,Online
1881,2025-01-18,Clothing,105.98,2,15,180.17,West,Online
2588,2025-01-18,Electronics,635.75,2,0,1271.5,North,Online
2778,2025-01-18,Electronics,440.47,4,5,1673.79,West,Online
3256,2025-01-18,Electronics,281.63,1,0,281.63,West,In-Store
3433,2025-01-18,Clothing,111.12,4,0,444.48,West,Online
3682,2025-01-18,Home & Kitchen,155.82,1,0,155.82,West,Online
3736,2025-01-18,Home & Kitchen,248.86,5,0,1244.3,East,Online
3757,2025-01-18,Home & Kitchen,165.67,3,0,497.01,South,Online
4285,2025-01-18,Sports,132.64,4,5,504.03,South,Online
5235,2025-01-18,Books,18.53,2,0,37.06,North,Online
5566,2025-01-18,Sports,120.32,2,0,240.64,North,In-Store
5607,2025-01-18,Home & Kitchen,83.58,5,0,417.9,West,Online
5704,2025-01-18,Electronics,620.41,3,0,1861.23,North,Online
5749,2025-01-18,Home & Kitchen,222.72,4,20,712.7,North,In-Store
5841,2025-01-18,Electronics,806.01,5,0,4030.05,West,In-Store
5842,2025-01-18,Sports,78.19,3,0,234.57,West,Online
1141,2025-01-19,Electronics,731.65,2,0,1463.3,South,Online
1459,2025-01-19,Electronics,310.47,2,10,558.85,South,Online
1497,2025-01-19,Clothing,17.93,4,5,68.13,North,Online
1632,2025-01-19,Sports,23.15,3,0,69.45,North,Online
1870,2025-01-19,Home & Kitchen,249.72,3,0,749.16,South,Online
2067,2025-01-19,Electronics,419.6,5,0,2098.0,South,Online
2299,2025-01-19,Clothing,74.38,2,0,148.76,South,In-Store
2373,2025-01-19,Sports,47.49,3,0,142.47,West,Online
2438,2025-01-19,Clothing,11.77,2,0,23.54,East,Online
2632,2025-01-19,Home & Kitchen,158.76,4,10,571.54,South,In-Store
3327,2025-01-19,Electronics,534.91,4,0,2139.64,South,In-Store
3730,2025-01-19,Electronics,840.57,4,0,3362.28,South,Online
3758,2025-01-19,Electronics,351.46,4,0,1405.84,East,In-Store
3930,2025-01-19,Electronics,193.7,1,20,154.96,West,Online
4128,2025-01-19,Clothing,76.02,2,0,152.04,North,Online
4457,2025-01-19,Clothing,87.01,1,0,87.01,South,Online
4602,2025-01-19,Sports,94.39,1,0,94.39,West,Online
5028,2025-01-19,Clothing,87.94,2,5,167.09,North,In-Store
5612,2025-01-19,Sports,154.52,3,0,463.56,South,Online
5938,2025-01-19,Clothing,71.87,4,0,287.48,West,Online
1313,2025-01-20,Home & Kitchen,54.24,3,0,162.72,North,Online
1407,2025-01-20,Clothing,13.79,1,20,11.03,East,Online
1689,2025-01-20,Clothing,101.57,3,0,304.71,West,Online
1900,2025-01-20,Home & Kitchen,79.36,1,15,67.46,West,Online
2114,2025-01-20,Sports,109.11,1,15,92.74,West,Online
2910,2025-01-20,Home & Kitchen,97.02,3,20,232.85,West,Online
3494,2025-01-20,Clothing,49.84,2,0,99.68,North,In-Store
3704,2025-01-20,Clothing,119.11,1,0,119.11,East,Online
4849,2025-01-20,Clothing,67.96,1,10,61.16,East,Online
5433,2025-01-20,Clothing,71.64,5,5,340.29,West,In-Store
5910,2025-01-20,Clothing,46.83,1,5,44.49,East,Online
1223,2025-01-21,Sports,39.34,4,0,157.36,West,Online
1291,2025-01-21,Books,9.66,1,5,9.18,West,Online
1402,2025-01-21,Books,24.52,3,0,73.56,North,Online
1937,2025-01-21,Electronics,191.02,5,0,955.1,South,Online
2212,2025-01-21,Home & Kitchen,178.22,3,0,534.66,West,Online
2314,2025-01-21,Electronics,353.54,2,20,565.66,East,In-Store
2319,2025-01-21,Books,5.52,3,0,16.56,East,Online
2434,2025-01-21,Sports,61.84,4,0,247.36,South,Online
2721,2025-01-21,Home & Kitchen,40.77,1,0,40.77,East,Online
3085,2025-01-21,Home & Kitchen,179.01,3,0,537.03,East,In-Store
3113,2025-01-21,Home & Kitchen,122.06,2,10,219.71,East,In-Store
4075,2025-01-21,Clothing,108.67,3,0,326.01,South,Online
4231,2025-01-21,Home & Kitchen,100.69,2,15,171.17,North,Online
4908,2025-01-21,Home & Kitchen,207.56,1,0,207.56,South,In-Store
5136,2025-01-21,Clothing,116.47,5,0,582.35,North,Online
5324,2025-01-21,Clothing,87.09,5,0,435.45,West,Online
1036,2025-01-22,Electronics,879.76,5,0,4398.8,East,In-Store
1337,2025-01-22,Sports,138.77,2,5,263.66,West,Online
1413,2025-01-22,Clothing,89.5,2,0,179.0,South,Online
1425,2025-01-22,Clothing,23.19,3,0,69.57,East,In-Store
1669,2025-01-22,Electronics,676.04,3,0,2028.12,North,In-Store
1783,2025-01-22,Books,33.28,3,10,89.86,North,Online
2081,2025-01-22,Clothing,74.92,2,0,149.84,West,In-Store
2272,2025-01-22,Electronics,393.33,2,0,786.66,East,Online
2637,2025-01-22,Sports,186.64,3,0,559.92,South,Online
2980,2025-01-22,Home & Kitchen,83.06,1,0,83.06,East,In-Store
3681,2025-01-22,Home & Kitchen,124.38,3,0,373.14,East,In-Store
3804,2025-01-22,Clothing,43.73,3,0,131.19,South,In-Store
3947,2025-01-22,Clothing,104.57,5,0,522.85,South,In-Store
4087,2025-01-22,Home & Kitchen,126.56,1,0,126.56,South,Online
4386,2025-01-22,Books,31.33,2,0,62.66,North,In-Store
4472,2025-01-22,Electronics,288.86,2,0,577.72,West,In-Store
4604,2025-01-22,Electronics,363.07,4,0,1452.28,South,Online
4920,2025-01-22,Books,22.08,5,5,104.88,West,Online
5370,2025-01-22,Electronics,607.66,4,0,2430.64,North,In-Store
5585,2025-01-22,Books,39.96,4,5,151.85,West,In-Store
5827,2025-01-22,Home & Kitchen,85.97,3,5,245.01,South,In-Store
5904,2025-01-22,Electronics,312.41,4,0,1249.64,West,In-Store
2179,2025-01-23,Home & Kitchen,137.1,1,0,137.1,West,Online
2215,2025-01-23,Home & Kitchen,125.82,5,0,629.1,South,Online
2418,2025-01-23,Electronics,197.71,2,0,395.42,South,Online
2723,2025-01-23,Clothing,33.24,4,0,132.96,East,Online
2812,2025-01-23,Clothing,114.81,1,0,114.81,West,Online
3467,2025-01-23,Books,35.9,2,0,71.8,West,Online
4015,2025-01-23,Home & Kitchen,64.21,5,0,321.05,South,Online
4906,2025-01-23,Sports,141.45,1,0,141.45,North,Online
5946,2025-01-23,Home & Kitchen,215.49,5,0,1077.45,South,In-Store
1432,2025-01-24,Sports,190.89,1,0,190.89,South,Online
1782,2025-01-24,Clothing,30.34,1,0,30.34,East,Online
2062,2025-01-24,Home & Kitchen,53.4,2,0,106.8,North,In-Store
2091,2025-01-24,Sports,120.7,5,0,603.5,West,In-Store
2277,2025-01-24,Clothing,83.76,4,5,318.29,North,Online
2388,2025-01-24,Books,30.22,4,0,120.88,North,Online
2885,2025-01-24,Sports,169.06,4,0,676.24,East,In-Store
2936,2025-01-24,Clothing,49.25,1,5,46.79,North,In-Store
2943,2025-01-24,Clothing,67.94,5,20,271.76,West,Online
2972,2025-01-24,Electronics,366.69,3,0,1100.07,North,Online
4211,2025-01-24,Clothing,63.18,3,0,189.54,South,In-Store
4603,2025-01-24,Clothing,63.7,2,0,127.4,West,In-Store
5425,2025-01-24,Electronics,462.72,1,5,439.58,West,Online
5696,2025-01-24,Books,34.02,2,10,61.24,East,Online
1216,2025-01-25,Books,12.67,4,5,48.15,North,Online
1278,2025-01-25,Clothing,23.39,5,0,116.95,South,Online
2955,2025-01-25,Clothing,27.39,4,15,93.13,South,Online
3105,2025-01-25,Clothing,99.44,4,0,397.76,North,Online
3504,2025-01-25,Books,25.52,1,10,22.97,South,Online
3624,2025-01-25,Books,17.63,4,10,63.47,North,Online
4121,2025-01-25,Electronics,582.85,4,0,2331.4,West,In-Store
4492,2025-01-25,Clothing,102.41,3,0,307.23,South,Online
4549,2025-01-25,Home & Kitchen,136.34,5,5,647.62,West,In-Store
4869,2025-01-25,Home & Kitchen,202.18,1,0,202.18,East,Online
5091,2025-01-25,Clothing,55.09,1,0,55.09,South,Online
5441,2025-01-25,Sports,79.03,3,5,225.24,East,Online
5460,2025-01-25,Electronics,811.85,2,5,1542.52,South,Online
5627,2025-01-25,Electronics,415.04,2,20,664.06,West,Online
5637,2025-01-25,Home & Kitchen,231.55,1,0,231.55,South,Online
2296,2025-01-26,Electronics,235.32,4,5,894.22,South,Online
2857,2025-01-26,Electronics,583.32,2,0,1166.64,South,Online
3129,2025-01-26,Home & Kitchen,182.15,4,0,728.6,East,Online
3625,2025-01-26,Home & Kitchen,32.28,1,0,32.28,South,Online
3676,2025-01-26,Books,12.21,5,5,58.0,South,Online
3846,2025-01-26,Clothing,68.11,3,0,204.33,South,Online
4286,2025-01-26,Books,34.0,1,15,28.9,South,Online
4642,2025-01-26,Books,18.7,4,0,74.8,East,Online
4651,2025-01-26,Home & Kitchen,168.71,5,0,843.55,South,Online
5124,2025-01-26,Electronics,271.31,1,15,230.61,East,In-Store
5563,2025-01-26,Home & Kitchen,165.93,3,0,497.79,South,Online
5620,2025-01-26,Electronics,427.63,4,0,1710.52,East,Online
5774,2025-01-26,Home & Kitchen,49.92,5,0,249.6,North,Online
1250,2025-01-27,Books,23.63,2,0,47.26,West,In-Store
2568,2025-01-27,Home & Kitchen,101.79,5,0,508.95,South,Online
2654,2025-01-27,Books,28.91,3,0,86.73,East,In-Store
2965,2025-01-27,Electronics,788.32,2,0,1576.64,East,Online
3453,2025-01-27,Sports,132.49,1,0,132.49,North,In-Store
3564,2025-01-27,Clothing,11.31,5,0,56.55,East,In-Store
3711,2025-01-27,Home & Kitchen,29.97,1,10,26.97,North,Online
3769,2025-01-27,Electronics,879.61,2,0,1759.22,East,Online
3824,2025-01-27,Electronics,870.65,1,0,870.65,South,In-Store
4410,2025-01-27,Clothing,34.53,2,0,69.06,East,Online
4581,2025-01-27,Home & Kitchen,30.71,1,10,27.64,West,Online
4615,2025-01-27,Electronics,290.35,4,10,1045.26,East,Online
5678,2025-01-27,Clothing,43.81,1,0,43.81,North,In-Store
5824,2025-01-27,Sports,60.73,2,15,103.24,West,Online
1013,2025-01-28,Books,26.82,2,0,53.64,North,Online
1105,2025-01-28,Electronics,391.56,2,10,704.81,South,Online
1226,2025-01-28,Home & Kitchen,171.05,1,0,171.05,West,Online
1297,2025-01-28,Home & Kitchen,114.79,5,0,573.95,South,In-Store
1582,2025-01-28,Home & Kitchen,175.02,4,10,630.07,North,Online
1608,2025-01-28,Sports,190.22,3,0,570.66,West,In-Store
2134,2025-01-28,Sports,107.12,5,0,535.6,South,Online
2421,2025-01-28,Home & Kitchen,169.16,5,0,845.8,East,Online
2683,2025-01-28,Electronics,338.24,3,0,1014.72,West,Online
2694,2025-01-28,Home & Kitchen,158.36,4,15,538.42,North,Online
3420,2025-01-28,Home & Kitchen,193.24,4,0,772.96,West,Online
3691,2025-01-28,Clothing,34.69,3,0,104.07,West,Online
3746,2025-01-28,Home & Kitchen,136.54,1,5,129.71,East,Online
3977,2025-01-28,Home & Kitchen,41.52,5,5,197.22,West,Online
4124,2025-01-28,Clothing,52.21,3,0,156.63,East,Online
4208,2025-01-28,Home & Kitchen,62.31,4,5,236.78,South,In-Store
4452,2025-01-28,Sports,77.63,3,0,232.89,West,Online
4530,2025-01-28,Sports,87.23,1,10,78.51,East,Online
4872,2025-01-28,Clothing,56.99,5,10,256.46,West,Online
5007,2025-01-28,Sports,56.21,3,5,160.2,North,Online
5418,2025-01-28,Clothing,93.98,5,0,469.9,West,Online
1183,2025-01-29,Books,38.45,4,5,146.11,South,In-Store
1197,2025-01-29,Electronics,392.71,3,0,1178.13,East,In-Store
1696,2025-01-29,Home & Kitchen,136.36,3,0,409.08,South,Online
1715,2025-01-29,Home & Kitchen,31.76,5,0,158.8,North,Online
1943,2025-01-29,Clothing,89.32,2,0,178.64,North,In-Store
1948,2025-01-29,Sports,84.99,1,0,84.99,South,Online
1971,2025-01-29,Electronics,360.96,4,0,1443.84,East,Online
2066,2025-01-29,Sports,49.58,5,0,247.9,North,In-Store
2634,2025-01-29,Books,34.23,1,0,34.23,South,Online
3066,2025-01-29,Home & Kitchen,43.69,5,0,218.45,South,Online
3487,2025-01-29,Clothing,56.54,3,0,169.62,West,Online
3632,2025-01-29,Clothing,57.23,2,5,108.74,East,In-Store
3696,2025-01-29,Clothing,84.04,2,0,168.08,East,Online
3993,2025-01-29,Electronics,669.33,4,0,2677.32,North,Online
4789,2025-01-29,Sports,168.77,3,5,480.99,South,Online
5021,2025-01-29,Electronics,438.62,1,0,438.62,East,Online
5025,2025-01-29,Electronics,268.06,1,0,268.06,South,Online
5191,2025-01-29,Electronics,259.92,1,0,259.92,North,In-Store
5197,2025-01-29,Clothing,59.23,2,0,118.46,North,In-Store
5504,2025-01-29,Sports,125.97,3,0,377.91,East,In-Store
5519,2025-01-29,Electronics,357.3,1,20,285.84,West,Online
1361,2025-01-30,Sports,103.63,1,0,103.63,North,Online
1480,2025-01-30,Home & Kitchen,183.9,3,0,551.7,East,Online
1707,2025-01-30,Clothing,62.94,5,0,314.7,West,In-Store
2602,2025-01-30,Sports,175.76,4,0,703.04,North,Online
2720,2025-01-30,Electronics,711.3,2,5,1351.47,West,Online
2892,2025-01-30,Electronics,416.59,5,0,2082.95,East,Online
2938,2025-01-30,Sports,99.07,1,0,99.07,North,Online
3788,2025-01-30,Electronics,173.33,1,0,173.33,South,Online
3793,2025-01-30,Clothing,21.33,5,5,101.32,West,Online
3834,2025-01-30,Electronics,347.61,2,5,660.46,North,Online
4741,2025-01-30,Clothing,22.67,5,10,102.02,South,Online
5100,2025-01-30,Clothing,21.97,5,5,104.36,North,Online
5346,2025-01-30,Electronics,562.27,1,0,562.27,North,Online
5499,2025-01-30,Clothing,100.14,5,0,500.7,East,Online
5924,2025-01-30,Clothing,39.24,3,15,100.06,West,In-Store
5972,2025-01-30,Electronics,521.52,5,10,2346.84,North,Online
1190,2025-01-31,Sports,38.84,3,0,116.52,North,In-Store
1625,2025-01-31,Electronics,669.01,5,0,3345.05,East,Online
2617,2025-01-31,Sports,49.05,5,10,220.72,West,Online
2789,2025-01-31,Electronics,728.66,1,10,655.79,West,Online
3099,2025-01-31,Clothing,88.4,1,0,88.4,North,Online
3485,2025-01-31,Electronics,348.19,4,0,1392.76,North,Online
3684,2025-01-31,Books,22.48,4,10,80.93,South,Online
4278,2025-01-31,Books,39.06,5,5,185.54,West,Online
4317,2025-01-31,Home & Kitchen,170.62,4,0,682.48,South,Online
4369,2025-01-31,Clothing,64.85,3,5,184.82,South,Online
4500,2025-01-31,Books,9.28,5,0,46.4,East,Online
4502,2025-01-31,Clothing,103.47,2,15,175.9,South,Online
4774,2025-01-31,Clothing,96.81,5,0,484.05,West,Online
4889,2025-01-31,Clothing,71.24,3,0,213.72,West,Online
4910,2025-01-31,Electronics,505.96,4,0,2023.84,East,In-Store
5427,2025-01-31,Sports,152.76,3,5,435.37,East,Online
5520,2025-01-31,Electronics,390.98,2,15,664.67,West,Online
5571,2025-01-31,Clothing,111.45,5,0,557.25,West,In-Store
5582,2025-01-31,Clothing,111.65,5,0,558.25,West,Online
5742,2025-01-31,Clothing,17.65,2,0,35.3,South,In-Store
2317,2025-02-01,Books,27.84,4,0,111.36,North,Online
2380,2025-02-01,Books,13.64,3,0,40.92,West,Online
2541,2025-02-01,Home & Kitchen,238.29,5,10,1072.3,West,Online
2846,2025-02-01,Electronics,693.41,3,0,2080.23,West,Online
2901,2025-02-01,Sports,108.36,3,0,325.08,South,Online
2937,2025-02-01,Books,32.63,3,5,93.0,West,In-Store
3069,2025-02-01,Clothing,92.68,4,5,352.18,West,Online
3194,2025-02-01,Sports,130.79,2,5,248.5,South,Online
3249,2025-02-01,Clothing,32.81,3,0,98.43,East,Online
3360,2025-02-01,Clothing,80.25,3,0,240.75,East,In-Store
3774,2025-02-01,Clothing,116.75,3,0,350.25,West,Online
4193,2025-02-01,Electronics,890.4,3,5,2537.64,South,Online
4347,2025-02-01,Home & Kitchen,73.7,4,5,280.06,West,Online
4431,2025-02-01,Clothing,57.16,2,0,114.32,East,In-Store
4576,2025-02-01,Clothing,68.12,1,20,54.5,West,Online
5432,2025-02-01,Books,12.64,2,20,20.22,North,In-Store
5790,2025-02-01,Home & Kitchen,22.66,4,5,86.11,South,Online
3452,2025-02-02,Clothing,118.97,4,10,428.29,East,In-Store
3859,2025-02-02,Books,37.61,4,15,127.87,South,Online
3942,2025-02-02,Home & Kitchen,98.68,1,0,98.68,South,Online
4668,2025-02-02,Clothing,34.48,1,0,34.48,North,In-Store
4929,2025-02-02,Electronics,302.8,1,5,287.66,South,Online
5083,2025-02-02,Home & Kitchen,173.53,2,5,329.71,South,Online
5138,2025-02-02,Sports,87.92,1,5,83.52,East,In-Store
5248,2025-02-02,Clothing,11.83,1,0,11.83,West,Online
1100,2025-02-03,Electronics,397.57,3,0,1192.71,North,Online
1107,2025-02-03,Clothing,74.52,4,0,298.08,East,Online
1794,2025-02-03,Clothing,68.42,3,10,184.73,South,Online
1837,2025-02-03,Electronics,514.23,1,0,514.23,West,Online
1967,2025-02-03,Electronics,436.54,2,0,873.08,West,In-Store
2397,2025-02-03,Books,25.5,5,5,121.12,South,In-Store
2411,2025-02-03,Sports,78.91,2,0,157.82,East,Online
2442,2025-02-03,Electronics,302.3,3,5,861.56,South,Online
3112,2025-02-03,Electronics,813.35,3,10,2196.04,North,Online
3724,2025-02-03,Clothing,109.09,4,5,414.54,West,Online
4052,2025-02-03,Home & Kitchen,171.97,1,20,137.58,East,Online
4300,2025-02-03,Clothing,21.6,1,0,21.6,East,In-Store
4822,2025-02-03,Clothing,52.13,2,20,83.41,North,In-Store
5328,2025-02-03,Home & Kitchen,79.39,4,0,317.56,West,Online
5767,2025-02-03,Electronics,564.46,3,0,1693.38,West,In-Store
5985,2025-02-03,Clothing,27.32,3,15,69.67,South,Online
1368,2025-02-04,Home & Kitchen,201.51,5,0,1007.55,East,In-Store
1417,2025-02-04,Clothing,19.75,1,0,19.75,South,Online
1898,2025-02-04,Clothing,46.72,3,0,140.16,South,In-Store
2341,2025-02-04,Books,8.88,2,0,17.76,North,In-Store
2578,2025-02-04,Clothing,74.88,5,0,374.4,North,Online
2660,2025-02-04,Books,34.19,4,0,136.76,North,Online
4085,2025-02-04,Clothing,83.29,2,0,166.58,East,Online
4375,2025-02-04,Sports,40.64,2,20,65.02,North,In-Store
4421,2025-02-04,Clothing,119.24,3,0,357.72,South,In-Store
4900,2025-02-04,Home & Kitchen,113.17,4,0,452.68,East,Online
5348,2025-02-04,Clothing,100.22,4,10,360.79,East,Online
5373,2025-02-04,Clothing,91.72,1,0,91.72,North,Online
5826,2025-02-04,Electronics,399.57,5,0,1997.85,West,Online
1463,2025-02-05,Home & Kitchen,233.02,2,0,466.04,East,Online
2702,2025-02-05,Clothing,52.11,4,0,208.44,East,Online
2840,2025-02-05,Books,28.6,5,0,143.0,South,In-Store
2879,2025-02-05,Books,17.43,2,0,34.86,South,In-Store
3025,2025-02-05,Home & Kitchen,112.17,1,10,100.95,East,Online
3958,2025-02-05,Electronics,434.72,4,0,1738.88,North,Online
4167,2025-02-05,Clothing,37.11,4,0,148.44,South,In-Store
4254,2025-02-05,Electronics,474.0,5,5,2251.5,West,In-Store
4267,2025-02-05,Books,19.86,5,10,89.37,West,In-Store
4328,2025-02-05,Electronics,408.71,3,0,1226.13,North,Online
5699,2025-02-05,Electronics,679.19,3,0,2037.57,East,Online
5819,2025-02-05,Books,6.42,4,0,25.68,South,Online
1194,2025-02-06,Electronics,852.92,4,0,3411.68,South,In-Store
1416,2025-02-06,Electronics,852.82,4,10,3070.15,West,In-Store
1921,2025-02-06,Electronics,590.85,5,0,2954.25,West,Online
2863,2025-02-06,Clothing,63.76,1,0,63.76,East,In-Store
3348,2025-02-06,Electronics,851.74,5,0,4258.7,East,Online
3596,2025-02-06,Electronics,525.2,5,0,2626.0,North,Online
4108,2025-02-06,Electronics,622.54,4,20,1992.13,East,Online
4411,2025-02-06,Books,15.64,5,0,78.2,West,Online
4697,2025-02-06,Clothing,53.7,1,0,53.7,South,Online
4710,2025-02-06,Books,7.67,3,0,23.01,East,Online
4757,2025-02-06,Home & Kitchen,50.56,2,0,101.12,East,In-Store
4953,2025-02-06,Electronics,812.23,5,0,4061.15,North,Online
5506,2025-02-06,Books,26.43,1,0,26.43,North,Online
5828,2025-02-06,Electronics,510.75,3,0,1532.25,South,Online
1117,2025-02-07,Home & Kitchen,100.24,1,20,80.19,North,In-Store
1479,2025-02-07,Sports,133.52,1,0,133.52,North,In-Store
2514,2025-02-07,Electronics,731.14,4,0,2924.56,East,In-Store
2719,2025-02-07,Electronics,244.92,2,0,489.84,East,Online
3623,2025-02-07,Home & Kitchen,227.14,1,0,227.14,North,In-Store
4020,2025-02-07,Home & Kitchen,164.5,4,5,625.1,North,Online
4434,2025-02-07,Sports,186.3,5,0,931.5,South,In-Store
4675,2025-02-07,Sports,140.92,3,10,380.48,North,Online
5269,2025-02-07,Clothing,93.26,1,10,83.93,East,In-Store
5353,2025-02-07,Electronics,720.2,4,10,2592.72,South,Online
5665,2025-02-07,Clothing,54.14,3,0,162.42,South,Online
1055,2025-02-08,Home & Kitchen,126.87,5,15,539.2,East,Online
1069,2025-02-08,Electronics,520.82,2,0,1041.64,North,In-Store
1123,2025-02-08,Electronics,854.87,3,0,2564.61,West,In-Store
1173,2025-02-08,Electronics,189.51,1,0,189.51,North,Online
1527,2025-02-08,Electronics,794.11,2,10,1429.4,East,In-Store
1704,2025-02-08,Clothing,32.08,3,10,86.62,South,Online
1962,2025-02-08,Clothing,58.57,1,10,52.71,South,Online
2977,2025-02-08,Sports,180.68,2,5,343.29,North,Online
3556,2025-02-08,Clothing,80.41,5,0,402.05,West,Online
3996,2025-02-08,Electronics,233.2,5,10,1049.4,North,In-Store
4182,2025-02-08,Clothing,103.78,1,0,103.78,North,In-Store
4288,2025-02-08,Electronics,418.01,4,20,1337.63,North,In-Store
4494,2025-02-08,Clothing,104.73,5,0,523.65,North,Online
4812,2025-02-08,Electronics,704.13,5,0,3520.65,West,Online
4991,2025-02-08,Sports,177.93,5,0,889.65,East,Online
5058,2025-02-08,Clothing,45.32,1,10,40.79,West,Online
5230,2025-02-08,Home & Kitchen,80.23,4,0,320.92,East,In-Store
5240,2025-02-08,Electronics,429.86,5,0,2149.3,North,In-Store
1152,2025-02-09,Clothing,54.28,1,0,54.28,South,Online
2862,2025-02-09,Electronics,489.42,2,10,880.96,North,Online
3276,2025-02-09,Clothing,93.97,1,0,93.97,South,In-Store
4443,2025-02-09,Electronics,647.69,2,5,1230.61,North,Online
4793,2025-02-09,Clothing,47.8,4,0,191.2,South,Online
4931,2025-02-09,Books,11.2,5,0,56.0,North,Online
5462,2025-02-09,Sports,100.47,3,0,301.41,South,In-Store
5534,2025-02-09,Electronics,546.08,4,0,2184.32,South,Online
1213,2025-02-10,Sports,176.13,2,0,352.26,West,In-Store
1434,2025-02-10,Clothing,22.21,3,10,59.97,West,Online
2021,2025-02-10,Electronics,748.07,4,0,2992.28,South,Online
2104,2025-02-10,Clothing,29.16,4,0,116.64,North,Online
2251,2025-02-10,Home & Kitchen,80.42,5,0,402.1,South,In-Store
2321,2025-02-10,Electronics,607.15,2,20,971.44,East,In-Store
3075,2025-02-10,Electronics,165.56,1,5,157.28,North,Online
3262,2025-02-10,Books,7.53,3,0,22.59,South,Online
3333,2025-02-10,Clothing,59.44,3,20,142.66,South,Online
3426,2025-02-10,Books,22.58,5,0,112.9,North,Online
3677,2025-02-10,Clothing,114.38,2,0,228.76,South,Online
4097,2025-02-10,Electronics,688.37,2,0,1376.74,South,Online
4467,2025-02-10,Electronics,870.01,4,0,3480.04,East,Online
4802,2025-02-10,Books,8.4,5,0,42.0,South,In-Store
5960,2025-02-10,Books,18.43,4,10,66.35,West,Online
1154,2025-02-11,Clothing,40.15,1,10,36.14,North,In-Store
1863,2025-02-11,Home & Kitchen,32.07,2,0,64.14,South,Online
1924,2025-02-11,Electronics,414.36,3,5,1180.93,South,Online
2327,2025-02-11,Clothing,54.91,3,0,164.73,South,In-Store
3079,2025-02-11,Clothing,20.42,4,10,73.51,North,Online
3280,2025-02-11,Clothing,49.71,4,0,198.84,North,In-Store
3518,2025-02-11,Home & Kitchen,94.09,3,5,268.16,North,Online
3649,2025-02-11,Home & Kitchen,178.54,1,0,178.54,North,In-Store
3842,2025-02-11,Electronics,717.55,3,0,2152.65,West,In-Store
4113,2025-02-11,Sports,193.02,4,0,772.08,West,In-Store
4169,2025-02-11,Clothing,55.73,3,5,158.83,West,In-Store
4546,2025-02-11,Home & Kitchen,198.19,4,0,792.76,West,In-Store
4786,2025-02-11,Books,22.76,4,0,91.04,North,Online
4958,2025-02-11,Clothing,87.83,2,0,175.66,East,Online
5156,2025-02-11,Home & Kitchen,139.75,4,0,559.0,East,Online
5160,2025-02-11,Books,31.1,2,5,59.09,West,Online
2088,2025-02-12,Home & Kitchen,93.73,2,0,187.46,North,Online
2284,2025-02-12,Clothing,100.28,3,0,300.84,South,Online
2396,2025-02-12,Sports,115.15,4,20,368.48,North,Online
2401,2025-02-12,Clothing,111.09,5,0,555.45,North,Online
2430,2025-02-12,Electronics,593.07,4,0,2372.28,East,Online
2533,2025-02-12,Clothing,111.49,5,0,557.45,West,Online
2837,2025-02-12,Books,17.18,1,10,15.46,East,In-Store
3664,2025-02-12,Clothing,84.11,3,0,252.33,South,Online
3818,2025-02-12,Clothing,67.85,5,0,339.25,South,Online
5598,2025-02-12,Electronics,172.82,2,5,328.36,North,Online
5692,2025-02-12,Books,22.53,5,20,90.12,South,Online
5698,2025-02-12,Books,17.73,5,0,88.65,North,In-Store
5876,2025-02-12,Home & Kitchen,147.65,2,20,236.24,West,Online
5951,2025-02-12,Clothing,119.09,3,0,357.27,West,In-Store
1019,2025-02-13,Home & Kitchen,223.15,2,0,446.3,East,In-Store
1230,2025-02-13,Home & Kitchen,218.77,4,0,875.08,East,Online
1342,2025-02-13,Clothing,64.76,4,0,259.04,East,In-Store
2382,2025-02-13,Clothing,72.16,1,10,64.94,West,Online
3108,2025-02-13,Home & Kitchen,121.32,4,10,436.75,East,Online
3195,2025-02-13,Sports,125.29,3,0,375.87,West,Online
3205,2025-02-13,Electronics,790.98,3,0,2372.94,North,Online
3372,2025-02-13,Electronics,522.02,4,0,2088.08,North,Online
3541,2025-02-13,Electronics,378.88,2,15,644.1,North,Online
4040,2025-02-13,Sports,66.62,5,0,333.1,South,Online
4423,2025-02-13,Electronics,644.86,2,0,1289.72,West,In-Store
4460,2025-02-13,Home & Kitchen,234.36,4,0,937.44,South,In-Store
4512,2025-02-13,Sports,58.08,3,0,174.24,North,In-Store
5026,2025-02-13,Clothing,80.37,3,0,241.11,South,Online
5187,2025-02-13,Clothing,76.78,1,15,65.26,West,Online
5320,2025-02-13,Electronics,446.36,2,0,892.72,South,In-Store
5474,2025-02-13,Books,20.3,5,0,101.5,North,Online
1861,2025-02-14,Electronics,246.8,4,0,987.2,West,In-Store
2057,2025-02-14,Clothing,17.76,3,5,50.62,North,In-Store
2371,2025-02-14,Clothing,17.34,1,5,16.47,South,Online
3222,2025-02-14,Sports,198.18,4,10,713.45,West,Online
3829,2025-02-14,Electronics,277.05,2,0,554.1,East,In-Store
3891,2025-02-14,Sports,37.0,2,0,74.0,East,In-Store
4021,2025-02-14,Books,31.24,3,0,93.72,South,Online
4022,2025-02-14,Sports,98.94,5,0,494.7,North,Online
4160,2025-02-14,Clothing,16.99,1,5,16.14,North,In-Store
5390,2025-02-14,Electronics,257.64,1,0,257.64,West,Online
5396,2025-02-14,Electronics,816.69,2,10,1470.04,East,In-Store
1380,2025-02-15,Electronics,442.4,3,5,1260.84,West,In-Store
1509,2025-02-15,Electronics,654.35,1,0,654.35,South,Online
2451,2025-02-15,Sports,169.05,3,0,507.15,West,Online
2761,2025-02-15,Books,22.58,3,5,64.35,North,In-Store
3232,2025-02-15,Electronics,616.73,1,15,524.22,East,Online
3747,2025-02-15,Books,38.85,4,5,147.63,West,In-Store
4086,2025-02-15,Home & Kitchen,68.48,2,15,116.42,North,In-Store
5292,2025-02-15,Home & Kitchen,64.8,3,0,194.4,East,Online
5580,2025-02-15,Books,16.55,2,0,33.1,South,Online
5779,2025-02-15,Electronics,555.78,2,0,1111.56,East,In-Store
1406,2025-02-16,Books,9.57,3,5,27.27,East,Online
1481,2025-02-16,Sports,197.2,5,5,936.7,South,Online
1766,2025-02-16,Books,9.63,5,15,40.93,West,In-Store
1804,2025-02-16,Books,6.74,3,10,18.2,East,Online
1907,2025-02-16,Home & Kitchen,108.56,4,0,434.24,South,In-Store
2044,2025-02-16,Clothing,79.14,3,0,237.42,South,In-Store
2557,2025-02-16,Books,28.51,5,10,128.3,South,Online
2733,2025-02-16,Home & Kitchen,173.22,3,0,519.66,East,In-Store
2738,2025-02-16,Electronics,464.65,1,0,464.65,West,Online
3111,2025-02-16,Sports,141.11,4,10,508.0,East,Online
3363,2025-02-16,Books,6.25,1,0,6.25,East,In-Store
4154,2025-02-16,Clothing,89.78,5,10,404.01,East,Online
5591,2025-02-16,Clothing,66.95,4,0,267.8,South,Online
5942,2025-02-16,Sports,62.13,5,5,295.12,East,Online
1908,2025-02-17,Electronics,701.94,5,0,3509.7,South,Online
2078,2025-02-17,Books,6.02,4,0,24.08,North,In-Store
2098,2025-02-17,Home & Kitchen,73.07,5,0,365.35,West,In-Store
2189,2025-02-17,Electronics,644.9,5,20,2579.6,West,In-Store
2661,2025-02-17,Clothing,13.7,1,0,13.7,West,Online
2946,2025-02-17,Clothing,36.72,5,0,183.6,South,Online
3350,2025-02-17,Electronics,623.07,1,15,529.61,North,Online
3745,2025-02-17,Books,29.71,5,0,148.55,East,Online
4610,2025-02-17,Home & Kitchen,81.95,4,5,311.41,East,In-Store
5023,2025-02-17,Sports,158.86,4,5,603.67,East,Online
5602,2025-02-17,Home & Kitchen,129.79,1,20,103.83,North,In-Store
5952,2025-02-17,Electronics,484.66,1,0,484.66,South,Online
1325,2025-02-18,Home & Kitchen,235.59,4,0,942.36,South,Online
1855,2025-02-18,Home & Kitchen,203.0,4,0,812.0,North,Online
2096,2025-02-18,Sports,64.43,3,0,193.29,West,Online
2193,2025-02-18,Clothing,48.4,2,0,96.8,South,In-Store
2669,2025-02-18,Home & Kitchen,47.29,2,5,89.85,South,In-Store
2687,2025-02-18,Home & Kitchen,117.17,2,0,234.34,West,Online
2847,2025-02-18,Electronics,681.36,5,0,3406.8,East,Online
2858,2025-02-18,Electronics,812.23,4,0,3248.92,West,In-Store
3662,2025-02-18,Books,32.84,3,10,88.67,North,Online
4172,2025-02-18,Clothing,29.54,3,0,88.62,East,Online
4833,2025-02-18,Clothing,116.8,2,10,210.24,North,In-Store
5145,2025-02-18,Books,20.13,4,0,80.52,East,Online
5146,2025-02-18,Home & Kitchen,212.82,5,5,1010.89,East,Online
5282,2025-02-18,Books,29.73,4,5,112.97,North,In-Store
5411,2025-02-18,Sports,53.57,5,5,254.46,East,In-Store
5584,2025-02-18,Home & Kitchen,204.2,4,5,775.96,West,In-Store
5590,2025-02-18,Sports,74.78,3,0,224.34,West,Online
5833,2025-02-18,Clothing,116.4,5,5,552.9,West,In-Store
1007,2025-02-19,Clothing,44.29,2,20,70.86,West,Online
1457,2025-02-19,Books,13.47,1,0,13.47,West,Online
1659,2025-02-19,Home & Kitchen,55.95,3,0,167.85,North,Online
1963,2025-02-19,Clothing,89.06,3,0,267.18,North,Online
2248,2025-02-19,Home & Kitchen,53.48,2,0,106.96,South,Online
2458,2025-02-19,Sports,158.74,2,0,317.48,West,Online
2773,2025-02-19,Clothing,104.31,3,0,312.93,West,Online
3186,2025-02-19,Home & Kitchen,188.01,4,0,752.04,East,Online
3270,2025-02-19,Clothing,102.2,4,15,347.48,South,Online
3278,2025-02-19,Clothing,108.86,3,20,261.26,East,In-Store
3302,2025-02-19,Home & Kitchen,49.06,3,20,117.74,East,Online
3495,2025-02-19,Clothing,49.18,2,10,88.52,North,In-Store
3571,2025-02-19,Sports,190.6,2,5,362.14,South,In-Store
4017,2025-02-19,Clothing,24.1,4,0,96.4,West,Online
4099,2025-02-19,Books,17.01,3,0,51.03,West,Online
1132,2025-02-20,Sports,187.86,3,0,563.58,East,Online
1693,2025-02-20,Books,5.73,1,5,5.44,North,In-Store
1817,2025-02-20,Electronics,566.62,3,10,1529.87,South,Online
1829,2025-02-20,Electronics,879.35,5,0,4396.75,North,Online
1965,2025-02-20,Electronics,431.87,2,0,863.74,North,Online
2214,2025-02-20,Clothing,67.99,4,10,244.76,East,Online
2297,2025-02-20,Home & Kitchen,165.7,2,0,331.4,East,Online
3973,2025-02-20,Clothing,59.4,4,20,190.08,West,Online
4702,2025-02-20,Home & Kitchen,185.04,5,15,786.42,South,In-Store
4874,2025-02-20,Home & Kitchen,31.52,4,5,119.78,West,Online
5980,2025-02-20,Books,29.52,5,0,147.6,South,Online
1178,2025-02-21,Electronics,451.19,5,10,2030.35,East,Online
1452,2025-02-21,Home & Kitchen,186.75,1,5,177.41,East,Online
1580,2025-02-21,Home & Kitchen,141.87,5,0,709.35,South,Online
3351,2025-02-21,Sports,24.63,4,0,98.52,North,Online
3424,2025-02-21,Electronics,446.14,1,0,446.14,South,In-Store
3836,2025-02-21,Clothing,79.74,2,0,159.48,South,Online
3837,2025-02-21,Electronics,351.0,2,10,631.8,North,Online
4038,2025-02-21,Home & Kitchen,101.57,3,20,243.77,West,Online
4230,2025-02-21,Clothing,81.37,5,20,325.48,North,In-Store
4461,2025-02-21,Electronics,779.93,3,0,2339.79,North,Online
4606,2025-02-21,Books,10.64,1,0,10.64,West,In-Store
4635,2025-02-21,Clothing,80.12,5,0,400.6,West,Online
4938,2025-02-21,Sports,135.16,3,0,405.48,East,In-Store
4945,2025-02-21,Home & Kitchen,79.34,3,0,238.02,West,In-Store
5239,2025-02-21,Clothing,17.99,1,10,16.19,East,Online
5611,2025-02-21,Clothing,106.02,3,0,318.06,West,Online
5793,2025-02-21,Electronics,616.31,4,0,2465.24,East,In-Store
1096,2025-02-22,Home & Kitchen,68.1,3,0,204.3,West,Online
1953,2025-02-22,Home & Kitchen,109.77,1,5,104.28,South,In-Store
2001,2025-02-22,Electronics,437.54,3,0,1312.62,East,In-Store
2849,2025-02-22,Clothing,94.94,1,5,90.19,South,Online
3254,2025-02-22,Home & Kitchen,141.42,4,0,565.68,West,In-Store
4018,2025-02-22,Home & Kitchen,231.68,1,0,231.68,West,Online
4253,2025-02-22,Home & Kitchen,159.45,1,5,151.48,East,Online
4402,2025-02-22,Clothing,40.99,4,0,163.96,East,Online
4506,2025-02-22,Home & Kitchen,70.66,3,15,180.18,North,Online
4673,2025-02-22,Sports,175.24,1,0,175.24,East,In-Store
4794,2025-02-22,Books,15.13,3,0,45.39,East,In-Store
4998,2025-02-22,Electronics,451.57,3,0,1354.71,West,Online
5086,2025-02-22,Electronics,815.52,4,0,3262.08,East,Online
5217,2025-02-22,Electronics,768.07,2,0,1536.14,East,In-Store
5351,2025-02-22,Electronics,589.61,4,0,2358.44,West,Online
5414,2025-02-22,Clothing,11.59,2,10,20.86,East,Online
5874,2025-02-22,Clothing,14.39,1,0,14.39,South,Online
5948,2025-02-22,Home & Kitchen,24.53,4,0,98.12,South,Online
1439,2025-02-23,Clothing,39.44,5,0,197.2,South,Online
1683,2025-02-23,Books,39.84,3,0,119.52,North,Online
2093,2025-02-23,Home & Kitchen,100.89,3,5,287.54,East,Online
2161,2025-02-23,Home & Kitchen,35.41,2,10,63.74,North,Online
2433,2025-02-23,Books,13.07,1,0,13.07,South,Online
2436,2025-02-23,Electronics,551.44,5,0,2757.2,West,In-Store
3585,2025-02-23,Clothing,93.67,5,0,468.35,West,In-Store
3605,2025-02-23,Home & Kitchen,145.64,2,0,291.28,South,In-Store
3719,2025-02-23,Sports,29.08,3,0,87.24,North,In-Store
4063,2025-02-23,Books,18.58,2,5,35.3,West,Online
4393,2025-02-23,Books,33.9,3,0,101.7,West,Online
4734,2025-02-23,Clothing,27.25,2,0,54.5,North,Online
4912,2025-02-23,Electronics,174.13,1,0,174.13,West,Online
5213,2025-02-23,Books,35.77,2,0,71.54,North,Online
5669,2025-02-23,Books,31.55,4,5,119.89,East,Online
2529,2025-02-24,Electronics,208.68,2,0,417.36,North,In-Store
2786,2025-02-24,Home & Kitchen,154.46,5,0,772.3,East,Online
2821,2025-02-24,Clothing,61.62,4,10,221.83,East,In-Store
2828,2025-02-24,Clothing,76.84,4,0,307.36,East,Online
2988,2025-02-24,Clothing,21.64,4,0,86.56,North,In-Store
3323,2025-02-24,Clothing,67.4,1,0,67.4,East,Online
3780,2025-02-24,Books,35.3,2,0,70.6,North,In-Store
3950,2025-02-24,Sports,152.85,5,0,764.25,South,Online
4236,2025-02-24,Sports,153.57,3,0,460.71,East,In-Store
4447,2025-02-24,Sports,25.64,4,5,97.43,South,Online
4820,2025-02-24,Electronics,320.02,4,0,1280.08,North,In-Store
5107,2025-02-24,Clothing,104.1,4,5,395.58,South,In-Store
5589,2025-02-24,Clothing,10.59,2,5,20.12,East,Online
5686,2025-02-24,Clothing,37.16,1,10,33.44,West,Online
5809,2025-02-24,Clothing,61.61,4,0,246.44,West,In-Store
1282,2025-02-25,Home & Kitchen,118.98,1,5,113.03,East,Online
1393,2025-02-25,Sports,190.13,3,0,570.39,North,Online
1430,2025-02-25,Books,8.13,2,0,16.26,East,Online
1518,2025-02-25,Sports,91.1,2,10,163.98,East,Online
2608,2025-02-25,Electronics,689.11,5,0,3445.55,South,In-Store
3110,2025-02-25,Clothing,16.23,2,0,32.46,West,Online
3465,2025-02-25,Home & Kitchen,37.56,2,0,75.12,South,Online
3553,2025-02-25,Home & Kitchen,222.76,5,0,1113.8,East,In-Store
4573,2025-02-25,Books,22.82,4,0,91.28,West,Online
4796,2025-02-25,Clothing,51.14,2,0,102.28,West,Online
5010,2025-02-25,Books,38.49,3,5,109.7,South,Online
5345,2025-02-25,Home & Kitchen,91.08,4,0,364.32,West,In-Store
5413,2025-02-25,Home & Kitchen,31.19,2,5,59.26,South,Online
1877,2025-02-26,Clothing,24.67,3,10,66.61,East,Online
3550,2025-02-26,Home & Kitchen,101.14,2,0,202.28,North,Online
3573,2025-02-26,Home & Kitchen,162.13,3,10,437.75,East,In-Store
3666,2025-02-26,Clothing,110.6,3,5,315.21,North,Online
3718,2025-02-26,Electronics,420.95,2,0,841.9,East,In-Store
3978,2025-02-26,Sports,57.21,4,5,217.4,South,Online
4033,2025-02-26,Clothing,112.78,5,0,563.9,West,Online
4296,2025-02-26,Clothing,103.14,5,0,515.7,North,In-Store
5122,2025-02-26,Clothing,39.69,1,0,39.69,South,Online
5180,2025-02-26,Clothing,56.77,3,10,153.28,West,Online
1075,2025-02-27,Sports,156.93,1,0,156.93,East,In-Store
1077,2025-02-27,Electronics,877.41,5,0,4387.05,East,In-Store
1500,2025-02-27,Electronics,452.7,5,0,2263.5,South,In-Store
3264,2025-02-27,Books,6.55,5,0,32.75,South,Online
3565,2025-02-27,Electronics,308.29,3,0,924.87,West,Online
3755,2025-02-27,Clothing,115.03,2,5,218.56,North,In-Store
3948,2025-02-27,Home & Kitchen,240.02,5,0,1200.1,South,In-Store
4696,2025-02-27,Clothing,32.5,2,5,61.75,West,In-Store
5053,2025-02-27,Electronics,774.25,5,5,3677.69,South,In-Store
5074,2025-02-27,Electronics,245.56,2,20,392.9,North,In-Store
5640,2025-02-27,Books,26.07,4,0,104.28,West,In-Store
5928,2025-02-27,Electronics,426.75,3,0,1280.25,East,Online
5974,2025-02-27,Clothing,108.68,5,10,489.06,West,In-Store
1482,2025-02-28,Home & Kitchen,193.38,3,0,580.14,South,In-Store
1549,2025-02-28,Electronics,296.23,4,15,1007.18,South,In-Store
1552,2025-02-28,Electronics,599.83,2,5,1139.68,South,In-Store
1939,2025-02-28,Clothing,34.89,2,0,69.78,East,In-Store
2004,2025-02-28,Sports,101.28,2,0,202.56,East,In-Store
2137,2025-02-28,Clothing,87.29,3,0,261.87,North,Online
2367,2025-02-28,Electronics,759.52,1,0,759.52,West,Online
3678,2025-02-28,Clothing,90.81,4,0,363.24,West,Online
3994,2025-02-28,Books,13.07,2,5,24.83,West,Online
4118,2025-02-28,Clothing,113.09,4,10,407.12,North,Online
4529,2025-02-28,Books,35.35,2,0,70.7,North,Online
5113,2025-02-28,Clothing,114.64,5,0,573.2,South,In-Store
5501,2025-02-28,Home & Kitchen,113.57,2,5,215.78,North,Online
5702,2025-02-28,Sports,29.88,2,0,59.76,South,Online
5920,2025-02-28,Home & Kitchen,165.67,3,0,497.01,East,Online
5939,2025-02-28,Electronics,212.63,1,5,202.0,North,Online
1119,2025-03-01,Sports,40.86,1,0,40.86,North,Online
1292,2025-03-01,Electronics,359.53,2,5,683.11,South,Online
2183,2025-03-01,Electronics,671.91,2,10,1209.44,North,Online
2716,2025-03-01,Sports,148.05,5,0,740.25,West,Online
3469,2025-03-01,Home & Kitchen,218.75,2,0,437.5,North,Online
3687,2025-03-01,Clothing,53.21,4,0,212.84,East,Online
3897,2025-03-01,Electronics,778.93,5,10,3505.18,East,Online
3911,2025-03-01,Clothing,99.69,1,5,94.71,North,Online
4290,2025-03-01,Books,34.09,1,0,34.09,South,Online
4348,2025-03-01,Electronics,879.65,4,0,3518.6,South,Online
4440,2025-03-01,Clothing,57.74,4,0,230.96,East,Online
4851,2025-03-01,Books,39.39,1,0,39.39,South,In-Store
5155,2025-03-01,Books,32.93,1,5,31.28,South,In-Store
5310,2025-03-01,Books,10.96,5,15,46.58,North,Online
5647,2025-03-01,Electronics,852.32,4,15,2897.89,West,Online
1787,2025-03-02,Clothing,33.35,4,0,133.4,North,In-Store
2068,2025-03-02,Electronics,843.97,3,0,2531.91,South,Online
2194,2025-03-02,Books,6.42,4,0,25.68,South,In-Store
2225,2025-03-02,Sports,35.23,5,0,176.15,North,Online
2473,2025-03-02,Clothing,103.74,1,0,103.74,West,Online
3098,2025-03-02,Clothing,54.08,4,0,216.32,West,Online
3291,2025-03-02,Clothing,28.04,3,0,84.12,West,Online
3356,2025-03-02,Electronics,408.57,4,20,1307.42,West,Online
3617,2025-03-02,Sports,130.09,5,0,650.45,East,In-Store
3878,2025-03-02,Clothing,12.06,4,0,48.24,North,Online
4584,2025-03-02,Clothing,94.37,5,0,471.85,North,Online
5632,2025-03-02,Home & Kitchen,192.45,4,0,769.8,South,In-Store
5751,2025-03-02,Clothing,115.73,4,10,416.63,West,Online
1545,2025-03-03,Home & Kitchen,104.98,3,15,267.7,South,Online
1551,2025-03-03,Electronics,505.44,5,0,2527.2,East,Online
2362,2025-03-03,Electronics,471.5,5,0,2357.5,North,Online
2477,2025-03-03,Books,19.89,2,0,39.78,West,In-Store
2482,2025-03-03,Home & Kitchen,153.64,5,0,768.2,West,In-Store
2749,2025-03-03,Clothing,78.91,2,0,157.82,East,In-Store
2976,2025-03-03,Home & Kitchen,118.11,1,5,112.2,West,Online
3533,2025-03-03,Sports,175.4,1,5,166.63,East,In-Store
3593,2025-03-03,Clothing,60.53,2,0,121.06,West,In-Store
4836,2025-03-03,Books,18.48,5,0,92.4,South,Online
5402,2025-03-03,Sports,89.31,2,15,151.83,West,Online
5705,2025-03-03,Sports,112.75,1,0,112.75,North,Online
1513,2025-03-04,Home & Kitchen,23.64,3,0,70.92,West,In-Store
1607,2025-03-04,Electronics,627.82,3,0,1883.46,North,In-Store
1762,2025-03-04,Sports,109.56,1,20,87.65,East,In-Store
1852,2025-03-04,Clothing,40.14,4,0,160.56,North,Online
2610,2025-03-04,Electronics,455.11,1,0,455.11,North,Online
2993,2025-03-04,Home & Kitchen,73.5,2,10,132.3,East,Online
3166,2025-03-04,Sports,73.66,2,0,147.32,South,In-Store
3490,2025-03-04,Electronics,757.27,1,0,757.27,East,Online
3710,2025-03-04,Electronics,317.34,1,0,317.34,North,Online
4272,2025-03-04,Books,30.96,2,0,61.92,North,Online
4295,2025-03-04,Clothing,96.12,1,0,96.12,North,Online
5022,2025-03-04,Clothing,101.83,3,0,305.49,West,In-Store
5144,2025-03-04,Books,7.93,4,10,28.55,North,In-Store
5229,2025-03-04,Clothing,10.02,5,0,50.1,South,Online
5317,2025-03-04,Electronics,404.3,3,0,1212.9,North,Online
5816,2025-03-04,Home & Kitchen,90.97,4,0,363.88,North,In-Store
1732,2025-03-05,Sports,144.63,5,0,723.15,East,Online
3125,2025-03-05,Books,8.94,2,0,17.88,North,Online
3257,2025-03-05,Electronics,553.1,3,10,1493.37,South,Online
3332,2025-03-05,Sports,60.75,1,0,60.75,West,In-Store
3441,2025-03-05,Books,22.9,5,0,114.5,South,Online
5511,2025-03-05,Sports,51.16,4,5,194.41,South,Online
5733,2025-03-05,Clothing,72.85,1,20,58.28,West,Online
1011,2025-03-06,Electronics,467.55,1,0,467.55,West,Online
1175,2025-03-06,Electronics,232.86,2,0,465.72,West,In-Store
1634,2025-03-06,Home & Kitchen,192.51,2,0,385.02,West,In-Store
2369,2025-03-06,Clothing,85.82,1,0,85.82,East,Online
2666,2025-03-06,Electronics,816.48,5,20,3265.92,East,In-Store
2803,2025-03-06,Electronics,461.78,4,15,1570.05,West,In-Store
2825,2025-03-06,Sports,189.57,2,0,379.14,South,In-Store
3139,2025-03-06,Clothing,67.43,1,20,53.94,South,Online
3300,2025-03-06,Sports,194.85,2,5,370.22,South,Online
3672,2025-03-06,Electronics,716.62,5,0,3583.1,East,In-Store
3729,2025-03-06,Home & Kitchen,67.43,4,0,269.72,North,Online
4189,2025-03-06,Clothing,48.88,2,0,97.76,North,Online
4391,2025-03-06,Sports,108.58,4,15,369.17,East,Online
4694,2025-03-06,Books,33.65,2,0,67.3,South,Online
4769,2025-03-06,Books,6.69,2,0,13.38,West,Online
5198,2025-03-06,Clothing,61.33,2,0,122.66,West,In-Store
5635,2025-03-06,Clothing,77.75,2,0,155.5,North,Online
5697,2025-03-06,Books,36.78,3,5,104.82,East,In-Store
5890,2025-03-06,Books,9.96,2,0,19.92,South,In-Store
1356,2025-03-07,Home & Kitchen,20.88,1,10,18.79,West,Online
3361,2025-03-07,Clothing,79.84,2,0,159.68,North,In-Store
3987,2025-03-07,Books,24.32,5,10,109.44,East,In-Store
4072,2025-03-07,Books,8.2,4,0,32.8,North,Online
4246,2025-03-07,Clothing,74.65,2,0,149.3,West,Online
4596,2025-03-07,Books,20.84,3,0,62.52,West,In-Store
5115,2025-03-07,Electronics,414.42,1,15,352.26,South,Online
1890,2025-03-08,Electronics,512.66,1,10,461.39,East,Online
2419,2025-03-08,Electronics,394.13,2,0,788.26,East,In-Store
2535,2025-03-08,Clothing,47.3,5,5,224.68,North,Online
2576,2025-03-08,Sports,184.88,2,5,351.27,East,In-Store
2836,2025-03-08,Clothing,74.71,3,5,212.92,West,Online
2869,2025-03-08,Clothing,70.96,3,5,202.24,North,Online
3200,2025-03-08,Sports,21.35,3,0,64.05,South,In-Store
3460,2025-03-08,Books,10.28,2,0,20.56,North,Online
3532,2025-03-08,Books,28.2,5,0,141.0,West,In-Store
4175,2025-03-08,Books,9.37,2,0,18.74,East,Online
4496,2025-03-08,Clothing,110.45,3,10,298.22,South,Online
5271,2025-03-08,Clothing,99.48,4,0,397.92,East,Online
1400,2025-03-09,Books,21.73,5,0,108.65,South,Online
1508,2025-03-09,Books,23.97,3,5,68.31,North,Online
1723,2025-03-09,Electronics,223.82,3,5,637.89,South,Online
1936,2025-03-09,Books,33.75,2,0,67.5,West,In-Store
1949,2025-03-09,Home & Kitchen,58.3,4,0,233.2,East,In-Store
2174,2025-03-09,Home & Kitchen,199.42,5,15,847.53,West,Online
2336,2025-03-09,Clothing,31.88,3,15,81.29,East,In-Store
3670,2025-03-09,Home & Kitchen,100.48,5,0,502.4,West,Online
3877,2025-03-09,Electronics,778.8,2,5,1479.72,East,Online
3988,2025-03-09,Electronics,565.05,1,0,565.05,West,Online
4078,2025-03-09,Home & Kitchen,182.81,5,5,868.35,North,Online
4176,2025-03-09,Clothing,113.22,5,0,566.1,North,Online
4960,2025-03-09,Sports,192.35,3,0,577.05,East,Online
5302,2025-03-09,Sports,68.64,4,0,274.56,West,In-Store
5578,2025-03-09,Clothing,86.67,5,5,411.68,South,In-Store
5595,2025-03-09,Electronics,459.64,2,15,781.39,South,Online
5641,2025-03-09,Clothing,65.86,2,0,131.72,North,Online
1160,2025-03-10,Clothing,39.69,4,0,158.76,East,Online
1913,2025-03-10,Books,21.23,5,0,106.15,East,Online
1947,2025-03-10,Books,38.75,1,0,38.75,South,Online
1977,2025-03-10,Home & Kitchen,239.02,3,0,717.06,East,Online
2520,2025-03-10,Books,33.05,4,5,125.59,West,Online
2839,2025-03-10,Electronics,765.8,3,0,2297.4,West,Online
2894,2025-03-10,Books,32.89,2,0,65.78,South,Online
3060,2025-03-10,Clothing,91.2,2,0,182.4,East,Online
3489,2025-03-10,Books,19.56,3,0,58.68,North,In-Store
4475,2025-03-10,Clothing,25.62,5,0,128.1,East,Online
4721,2025-03-10,Clothing,10.76,2,0,21.52,East,Online
5236,2025-03-10,Clothing,42.05,3,0,126.15,West,Online
5550,2025-03-10,Home & Kitchen,58.19,5,0,290.95,East,Online
5869,2025-03-10,Clothing,83.07,5,10,373.82,West,Online
1487,2025-03-11,Home & Kitchen,245.06,3,5,698.42,North,In-Store
1619,2025-03-11,Books,17.04,4,10,61.34,East,In-Store
1742,2025-03-11,Clothing,18.97,2,0,37.94,South,Online
1776,2025-03-11,Electronics,324.48,2,0,648.96,South,Online
2187,2025-03-11,Sports,90.63,5,0,453.15,East,Online
2334,2025-03-11,Home & Kitchen,200.16,5,0,1000.8,East,Online
2525,2025-03-11,Sports,47.98,1,0,47.98,East,Online
3196,2025-03-11,Electronics,234.15,4,20,749.28,North,Online
3376,2025-03-11,Electronics,573.86,1,10,516.47,South,In-Store
3744,2025-03-11,Home & Kitchen,161.01,3,0,483.03,North,In-Store
3985,2025-03-11,Clothing,96.05,3,0,288.15,East,In-Store
3999,2025-03-11,Clothing,81.06,5,0,405.3,East,Online
4427,2025-03-11,Home & Kitchen,43.49,3,0,130.47,North,Online
4601,2025-03-11,Books,14.51,1,5,13.78,North,Online
4661,2025-03-11,Home & Kitchen,207.45,3,0,622.35,East,Online
5049,2025-03-11,Home & Kitchen,107.75,2,5,204.72,East,In-Store
5458,2025-03-11,Sports,86.65,2,0,173.3,East,Online
5764,2025-03-11,Electronics,369.81,5,0,1849.05,West,In-Store
5900,2025-03-11,Electronics,258.91,2,0,517.82,North,In-Store
1579,2025-03-12,Electronics,322.02,4,0,1288.08,South,Online
2087,2025-03-12,Electronics,478.52,1,0,478.52,West,Online
2273,2025-03-12,Sports,95.91,2,0,191.82,South,Online
2781,2025-03-12,Home & Kitchen,138.31,1,5,131.39,South,In-Store
3083,2025-03-12,Clothing,77.43,3,0,232.29,North,Online
3771,2025-03-12,Books,30.01,4,10,108.04,East,Online
4149,2025-03-12,Books,35.87,4,0,143.48,South,Online
4379,2025-03-12,Electronics,579.71,1,20,463.77,West,In-Store
4901,2025-03-12,Home & Kitchen,90.17,1,0,90.17,West,In-Store
5132,2025-03-12,Home & Kitchen,233.43,4,0,933.72,North,In-Store
5431,2025-03-12,Sports,37.31,3,0,111.93,South,Online
5671,2025-03-12,Clothing,95.67,1,10,86.1,North,Online
5840,2025-03-12,Home & Kitchen,99.67,3,0,299.01,East,In-Store
1090,2025-03-13,Electronics,523.62,3,10,1413.77,East,Online
1533,2025-03-13,Books,19.52,1,5,18.54,South,In-Store
1682,2025-03-13,Electronics,386.19,3,0,1158.57,East,In-Store
2593,2025-03-13,Home & Kitchen,125.22,1,5,118.96,North,Online
2605,2025-03-13,Electronics,370.05,5,0,1850.25,East,In-Store
2691,2025-03-13,Clothing,63.64,4,0,254.56,North,In-Store
2983,2025-03-13,Electronics,338.75,1,0,338.75,West,Online
3071,2025-03-13,Books,9.79,1,5,9.3,West,Online
3142,2025-03-13,Clothing,55.32,1,0,55.32,South,In-Store
4344,2025-03-13,Sports,22.27,2,0,44.54,South,In-Store
4850,2025-03-13,Home & Kitchen,238.46,4,0,953.84,East,Online
4947,2025-03-13,Clothing,57.32,5,20,229.28,South,Online
4951,2025-03-13,Clothing,36.72,5,0,183.6,North,Online
5963,2025-03-13,Books,27.52,2,0,55.04,West,Online
1240,2025-03-14,Electronics,366.51,3,5,1044.55,West,In-Store
1511,2025-03-14,Home & Kitchen,249.14,4,5,946.73,North,Online
1539,2025-03-14,Clothing,101.97,1,0,101.97,South,In-Store
3294,2025-03-14,Electronics,403.39,5,15,1714.41,South,Online
3312,2025-03-14,Books,26.24,2,0,52.48,East,Online
3362,2025-03-14,Electronics,180.09,3,0,540.27,West,Online
3422,2025-03-14,Sports,98.62,2,0,197.24,North,In-Store
3855,2025-03-14,Electronics,498.54,3,20,1196.5,North,Online
4326,2025-03-14,Clothing,100.91,5,0,504.55,West,In-Store
4349,2025-03-14,Books,19.17,5,0,95.85,North,Online
4413,2025-03-14,Books,18.12,4,0,72.48,West,In-Store
4464,2025-03-14,Sports,148.69,3,0,446.07,East,Online
4990,2025-03-14,Electronics,384.77,4,0,1539.08,South,Online
5081,2025-03-14,Books,17.5,2,0,35.0,East,In-Store
5099,2025-03-14,Clothing,40.55,5,15,172.34,North,Online
5314,2025-03-14,Books,7.59,5,0,37.95,East,In-Store
5568,2025-03-14,Home & Kitchen,233.97,3,0,701.91,West,Online
5570,2025-03-14,Electronics,600.84,4,0,2403.36,South,Online
5586,2025-03-14,Home & Kitchen,165.59,2,15,281.5,East,Online
5830,2025-03-14,Home & Kitchen,236.45,5,0,1182.25,East,In-Store
5861,2025-03-14,Clothing,118.77,3,15,302.86,South,Online
1646,2025-03-15,Books,7.94,2,0,15.88,South,Online
2186,2025-03-15,Home & Kitchen,78.43,2,5,149.02,West,In-Store
2198,2025-03-15,Clothing,36.0,4,0,144.0,South,Online
2366,2025-03-15,Clothing,31.7,3,0,95.1,East,In-Store
2429,2025-03-15,Home & Kitchen,124.46,1,0,124.46,East,Online
2699,2025-03-15,Home & Kitchen,111.99,1,0,111.99,South,Online
3072,2025-03-15,Electronics,743.97,3,0,2231.91,South,Online
3401,2025-03-15,Clothing,50.66,5,0,253.3,North,Online
3527,2025-03-15,Clothing,19.07,4,20,61.02,South,Online
3848,2025-03-15,Electronics,803.66,1,0,803.66,South,Online
4468,2025-03-15,Sports,20.27,1,0,20.27,North,Online
4703,2025-03-15,Books,13.93,4,20,44.58,East,Online
4723,2025-03-15,Sports,145.97,5,0,729.85,South,Online
4830,2025-03-15,Sports,24.02,5,10,108.09,South,In-Store
5139,2025-03-15,Home & Kitchen,172.8,4,10,622.08,East,Online
5893,2025-03-15,Clothing,30.05,3,0,90.15,West,In-Store
5968,2025-03-15,Books,19.17,4,0,76.68,South,Online
1322,2025-03-16,Sports,190.81,5,20,763.24,North,Online
1931,2025-03-16,Home & Kitchen,87.81,2,0,175.62,South,Online
2628,2025-03-16,Sports,154.99,5,0,774.95,North,Online
3423,2025-03-16,Books,30.8,2,5,58.52,West,In-Store
3512,2025-03-16,Books,16.28,1,15,13.84,East,In-Store
3689,2025-03-16,Sports,44.24,4,20,141.57,North,Online
3765,2025-03-16,Electronics,815.4,5,0,4077.0,West,Online
3816,2025-03-16,Clothing,109.35,3,10,295.24,West,In-Store
3943,2025-03-16,Books,33.82,5,10,152.19,West,Online
4058,2025-03-16,Home & Kitchen,207.84,1,10,187.06,East,Online
4123,2025-03-16,Home & Kitchen,243.46,5,0,1217.3,South,Online
4336,2025-03-16,Electronics,421.48,5,10,1896.66,South,Online
4904,2025-03-16,Clothing,97.31,1,0,97.31,West,Online
5142,2025-03-16,Electronics,852.43,2,0,1704.86,East,Online
2389,2025-03-17,Electronics,749.43,1,10,674.49,West,In-Store
2818,2025-03-17,Home & Kitchen,215.79,2,15,366.84,West,In-Store
3825,2025-03-17,Home & Kitchen,79.73,4,0,318.92,South,Online
3906,2025-03-17,Electronics,623.65,4,10,2245.14,North,Online
3975,2025-03-17,Home & Kitchen,62.3,2,5,118.37,South,Online
4215,2025-03-17,Clothing,10.44,2,5,19.84,East,Online
4426,2025-03-17,Electronics,807.68,3,5,2301.89,West,In-Store
4556,2025-03-17,Books,39.91,4,0,159.64,West,Online
5195,2025-03-17,Clothing,96.34,3,5,274.57,West,In-Store
5303,2025-03-17,Clothing,118.29,4,20,378.53,North,In-Store
5388,2025-03-17,Clothing,95.7,5,0,478.5,South,Online
5538,2025-03-17,Books,33.83,2,0,67.66,East,Online
5565,2025-03-17,Books,32.77,4,5,124.53,South,Online
5633,2025-03-17,Sports,174.7,1,0,174.7,North,In-Store
5772,2025-03-17,Clothing,50.77,3,5,144.69,West,In-Store
5873,2025-03-17,Clothing,60.33,2,0,120.66,North,In-Store
1251,2025-03-18,Home & Kitchen,48.03,3,0,144.09,East,In-Store
1895,2025-03-18,Home & Kitchen,95.76,3,0,287.28,East,In-Store
2077,2025-03-18,Sports,98.98,3,0,296.94,East,Online
3192,2025-03-18,Home & Kitchen,116.85,1,5,111.01,North,Online
3285,2025-03-18,Electronics,594.94,3,10,1606.34,East,Online
3288,2025-03-18,Clothing,117.98,5,0,589.9,North,In-Store
3301,2025-03-18,Home & Kitchen,24.57,1,0,24.57,North,In-Store
3414,2025-03-18,Books,38.47,1,0,38.47,North,Online
3785,2025-03-18,Clothing,101.6,2,20,162.56,East,Online
3881,2025-03-18,Clothing,114.4,5,0,572.0,South,Online
3968,2025-03-18,Clothing,32.3,4,0,129.2,West,Online
3976,2025-03-18,Electronics,321.07,4,0,1284.28,North,In-Store
4387,2025-03-18,Clothing,39.72,3,5,113.2,West,Online
5078,2025-03-18,Clothing,12.09,1,5,11.49,West,Online
1259,2025-03-19,Clothing,16.43,1,0,16.43,South,Online
1758,2025-03-19,Home & Kitchen,39.38,3,0,118.14,West,In-Store
1848,2025-03-19,Electronics,471.48,5,0,2357.4,North,Online
1889,2025-03-19,Sports,92.22,3,20,221.33,East,Online
2776,2025-03-19,Sports,102.36,2,20,163.78,West,In-Store
3268,2025-03-19,Home & Kitchen,78.18,3,0,234.54,North,In-Store
3342,2025-03-19,Electronics,886.94,3,5,2527.78,East,In-Store
3400,2025-03-19,Electronics,437.23,2,20,699.57,South,Online
3589,2025-03-19,Clothing,55.09,1,0,55.09,West,Online
4060,2025-03-19,Home & Kitchen,232.0,5,10,1044.0,South,Online
5102,2025-03-19,Clothing,36.19,5,0,180.95,South,In-Store
1498,2025-03-20,Electronics,735.75,5,0,3678.75,West,In-Store
1765,2025-03-20,Books,28.77,4,0,115.08,East,Online
1814,2025-03-20,Home & Kitchen,109.17,4,5,414.85,South,Online
2049,2025-03-20,Electronics,468.6,4,5,1780.68,West,In-Store
2726,2025-03-20,Home & Kitchen,91.31,2,0,182.62,South,In-Store
2870,2025-03-20,Books,11.1,1,0,11.1,North,Online
2903,2025-03-20,Books,31.67,5,0,158.35,South,Online
2995,2025-03-20,Electronics,296.88,3,0,890.64,North,Online
3144,2025-03-20,Clothing,66.16,2,5,125.7,North,Online
3949,2025-03-20,Books,33.16,5,10,149.22,North,In-Store
4605,2025-03-20,Electronics,664.64,2,5,1262.82,South,Online
4763,2025-03-20,Sports,95.22,3,0,285.66,East,Online
5932,2025-03-20,Books,22.37,1,0,22.37,East,Online
1209,2025-03-21,Clothing,33.14,1,15,28.17,South,In-Store
1857,2025-03-21,Clothing,88.91,3,0,266.73,West,In-Store
1994,2025-03-21,Clothing,106.5,4,20,340.8,East,Online
2270,2025-03-21,Clothing,19.65,3,20,47.16,West,In-Store
2287,2025-03-21,Electronics,581.13,1,0,581.13,South,Online
3354,2025-03-21,Electronics,558.6,5,0,2793.0,South,In-Store
3776,2025-03-21,Sports,80.66,2,0,161.32,South,In-Store
4178,2025-03-21,Books,22.63,2,0,45.26,West,Online
4217,2025-03-21,Electronics,237.68,1,15,202.03,North,Online
4565,2025-03-21,Books,38.06,1,0,38.06,South,In-Store
5019,2025-03-21,Electronics,353.19,3,0,1059.57,West,In-Store
5068,2025-03-21,Home & Kitchen,150.99,3,20,362.38,South,Online
5165,2025-03-21,Sports,48.0,4,5,182.4,South,Online
5903,2025-03-21,Books,28.21,1,0,28.21,South,In-Store
1012,2025-03-22,Sports,161.18,3,5,459.36,North,In-Store
1151,2025-03-22,Books,22.06,1,0,22.06,South,Online
1186,2025-03-22,Electronics,812.18,5,0,4060.9,East,In-Store
1335,2025-03-22,Books,12.96,4,5,49.25,South,Online
1462,2025-03-22,Electronics,573.81,5,10,2582.14,South,Online
2203,2025-03-22,Books,11.9,2,0,23.8,East,In-Store
2547,2025-03-22,Books,7.65,2,0,15.3,North,Online
3074,2025-03-22,Sports,25.43,4,10,91.55,East,Online
3520,2025-03-22,Electronics,810.22,5,0,4051.1,North,In-Store
3725,2025-03-22,Sports,128.66,2,0,257.32,South,In-Store
3838,2025-03-22,Electronics,707.99,1,0,707.99,South,Online
3880,2025-03-22,Clothing,101.35,3,10,273.64,South,Online
4129,2025-03-22,Sports,141.3,4,0,565.2,South,In-Store
4940,2025-03-22,Clothing,108.34,5,0,541.7,South,In-Store
1274,2025-03-23,Clothing,84.17,2,0,168.34,South,In-Store
2982,2025-03-23,Sports,53.68,3,20,128.83,North,Online
3012,2025-03-23,Clothing,15.4,1,0,15.4,West,Online
3203,2025-03-23,Sports,186.56,3,0,559.68,South,Online
4422,2025-03-23,Clothing,119.32,1,20,95.46,East,In-Store
4433,2025-03-23,Home & Kitchen,209.88,1,0,209.88,West,Online
4654,2025-03-23,Clothing,75.98,2,20,121.57,North,Online
4902,2025-03-23,Electronics,449.4,2,15,763.98,North,Online
5046,2025-03-23,Sports,36.07,4,0,144.28,East,Online
5174,2025-03-23,Sports,112.15,1,10,100.94,South,Online
5279,2025-03-23,Electronics,836.28,5,0,4181.4,North,In-Store
5355,2025-03-23,Books,16.17,2,5,30.72,West,Online
5398,2025-03-23,Electronics,208.35,5,0,1041.75,North,In-Store
5412,2025-03-23,Sports,55.33,5,0,276.65,North,In-Store
5498,2025-03-23,Books,16.5,5,0,82.5,North,Online
5650,2025-03-23,Clothing,100.86,5,0,504.3,West,Online
5738,2025-03-23,Clothing,93.21,2,10,167.78,West,Online
5813,2025-03-23,Electronics,411.92,3,0,1235.76,West,In-Store
5936,2025-03-23,Electronics,580.01,2,0,1160.02,South,Online
1419,2025-03-24,Clothing,42.95,1,0,42.95,East,In-Store
1506,2025-03-24,Electronics,266.12,3,0,798.36,South,In-Store
1680,2025-03-24,Electronics,219.07,5,10,985.82,East,In-Store
1755,2025-03-24,Books,15.59,5,5,74.05,East,In-Store
1850,2025-03-24,Electronics,302.62,4,5,1149.96,East,Online
1958,2025-03-24,Clothing,10.82,4,10,38.95,North,Online
2064,2025-03-24,Clothing,15.76,1,0,15.76,West,Online
2582,2025-03-24,Home & Kitchen,56.78,5,15,241.31,West,Online
3255,2025-03-24,Electronics,591.78,2,0,1183.56,West,Online
3443,2025-03-24,Sports,139.68,2,0,279.36,West,Online
4261,2025-03-24,Sports,40.03,2,0,80.06,North,In-Store
4302,2025-03-24,Electronics,315.53,4,0,1262.12,South,Online
4479,2025-03-24,Electronics,384.14,3,0,1152.42,North,Online
4725,2025-03-24,Electronics,672.33,4,0,2689.32,West,Online
5119,2025-03-24,Electronics,454.3,2,20,726.88,South,In-Store
5273,2025-03-24,Electronics,399.81,1,0,399.81,West,Online
5315,2025-03-24,Sports,58.09,3,0,174.27,East,Online
5341,2025-03-24,Electronics,556.28,5,0,2781.4,North,In-Store
5385,2025-03-24,Sports,19.93,2,0,39.86,South,Online
5522,2025-03-24,Home & Kitchen,32.01,1,0,32.01,West,Online
1384,2025-03-25,Books,19.15,3,0,57.45,East,In-Store
1912,2025-03-25,Electronics,421.72,2,0,843.44,South,In-Store
2135,2025-03-25,Electronics,367.78,5,0,1838.9,South,In-Store
2457,2025-03-25,Home & Kitchen,142.24,5,0,711.2,West,Online
2510,2025-03-25,Books,20.89,2,0,41.78,West,Online
2556,2025-03-25,Clothing,89.24,1,0,89.24,South,Online
3046,2025-03-25,Books,28.29,4,0,113.16,West,Online
3137,2025-03-25,Electronics,730.7,5,0,3653.5,South,In-Store
3858,2025-03-25,Clothing,46.43,1,0,46.43,East,Online
4784,2025-03-25,Electronics,639.86,5,0,3199.3,North,Online
5770,2025-03-25,Home & Kitchen,116.3,2,0,232.6,East,Online
5877,2025-03-25,Sports,108.24,4,0,432.96,South,Online
1478,2025-03-26,Home & Kitchen,73.0,3,20,175.2,South,In-Store
1914,2025-03-26,Electronics,879.43,1,0,879.43,East,Online
2233,2025-03-26,Sports,79.93,2,0,159.86,North,Online
3712,2025-03-26,Clothing,67.42,3,20,161.81,West,Online
3952,2025-03-26,Sports,161.89,3,10,437.1,West,In-Store
4518,2025-03-26,Books,8.87,5,0,44.35,North,Online
4933,2025-03-26,Books,23.62,3,0,70.86,South,Online
5488,2025-03-26,Clothing,118.2,2,15,200.94,North,Online
1018,2025-03-27,Books,26.85,1,10,24.17,North,In-Store
1286,2025-03-27,Books,13.7,3,0,41.1,North,Online
1312,2025-03-27,Sports,170.39,4,5,647.48,North,Online
1338,2025-03-27,Home & Kitchen,201.0,4,0,804.0,East,Online
1455,2025-03-27,Sports,116.17,5,0,580.85,East,Online
1687,2025-03-27,Home & Kitchen,133.17,5,0,665.85,South,Online
2045,2025-03-27,Electronics,460.25,3,20,1104.6,North,In-Store
2076,2025-03-27,Electronics,651.87,1,0,651.87,East,In-Store
2283,2025-03-27,Clothing,52.14,1,5,49.53,South,Online
2506,2025-03-27,Sports,122.86,5,0,614.3,South,In-Store
2824,2025-03-27,Clothing,34.8,3,0,104.4,West,Online
3612,2025-03-27,Books,16.19,5,0,80.95,South,Online
4053,2025-03-27,Home & Kitchen,216.78,5,15,921.32,North,Online
4451,2025-03-27,Clothing,55.23,1,0,55.23,East,Online
4860,2025-03-27,Books,10.08,4,0,40.32,East,In-Store
5735,2025-03-27,Clothing,26.12,4,0,104.48,West,In-Store
5888,2025-03-27,Electronics,212.45,5,20,849.8,East,Online
1155,2025-03-28,Electronics,255.01,3,5,726.78,North,Online
1295,2025-03-28,Sports,28.34,3,0,85.02,West,Online
2002,2025-03-28,Electronics,591.09,3,10,1595.94,North,Online
2224,2025-03-28,Sports,61.18,2,20,97.89,North,In-Store
2261,2025-03-28,Home & Kitchen,31.31,4,5,118.98,East,Online
2420,2025-03-28,Electronics,756.12,3,0,2268.36,West,Online
2476,2025-03-28,Clothing,21.14,3,10,57.08,North,Online
3035,2025-03-28,Sports,140.84,5,5,668.99,East,Online
3185,2025-03-28,Home & Kitchen,147.35,4,0,589.4,North,In-Store
3497,2025-03-28,Books,17.05,5,10,76.73,South,Online
3579,2025-03-28,Sports,99.83,4,0,399.32,South,In-Store
4104,2025-03-28,Home & Kitchen,42.36,1,10,38.12,West,Online
4273,2025-03-28,Books,35.23,3,0,105.69,West,Online
4320,2025-03-28,Home & Kitchen,135.7,2,0,271.4,South,Online
4682,2025-03-28,Electronics,307.58,1,5,292.2,South,In-Store
5356,2025-03-28,Home & Kitchen,138.02,5,20,552.08,East,Online
5378,2025-03-28,Electronics,729.39,5,0,3646.95,South,Online
1485,2025-03-29,Electronics,285.15,3,5,812.68,South,In-Store
1743,2025-03-29,Home & Kitchen,206.73,4,0,826.92,East,In-Store
1834,2025-03-29,Clothing,107.33,5,20,429.32,South,Online
1840,2025-03-29,Home & Kitchen,28.1,4,10,101.16,North,Online
1885,2025-03-29,Electronics,710.47,4,0,2841.88,South,Online
2356,2025-03-29,Electronics,728.49,4,0,2913.96,South,Online
2384,2025-03-29,Books,16.55,5,0,82.75,East,In-Store
2537,2025-03-29,Clothing,53.53,3,0,160.59,East,In-Store
3145,2025-03-29,Home & Kitchen,30.4,5,0,152.0,North,Online
3833,2025-03-29,Sports,127.9,5,0,639.5,West,Online
4147,2025-03-29,Home & Kitchen,93.52,2,0,187.04,North,Online
5429,2025-03-29,Electronics,389.02,4,15,1322.67,East,In-Store
5451,2025-03-29,Clothing,74.29,5,0,371.45,West,In-Store
5752,2025-03-29,Clothing,70.08,4,0,280.32,West,Online
1121,2025-03-30,Clothing,59.71,3,5,170.17,North,Online
1166,2025-03-30,Clothing,86.25,1,0,86.25,North,In-Store
1182,2025-03-30,Clothing,73.81,2,0,147.62,East,In-Store
1670,2025-03-30,Books,16.62,4,0,66.48,South,Online
1769,2025-03-30,Clothing,55.67,5,0,278.35,North,In-Store
2235,2025-03-30,Home & Kitchen,210.82,3,0,632.46,East,In-Store
2255,2025-03-30,Electronics,694.87,2,5,1320.25,West,Online
3109,2025-03-30,Books,32.69,4,0,130.76,South,Online
3688,2025-03-30,Home & Kitchen,49.5,4,15,168.3,West,In-Store
3737,2025-03-30,Clothing,102.67,4,0,410.68,North,In-Store
5012,2025-03-30,Electronics,179.8,4,0,719.2,North,In-Store
5038,2025-03-30,Home & Kitchen,240.11,1,0,240.11,East,Online
5075,2025-03-30,Home & Kitchen,221.84,2,15,377.13,East,Online
5617,2025-03-30,Home & Kitchen,217.77,4,0,871.08,East,In-Store
1706,2025-03-31,Electronics,691.55,3,20,1659.72,North,Online
1923,2025-03-31,Home & Kitchen,79.89,4,5,303.58,West,In-Store
2606,2025-03-31,Home & Kitchen,101.19,5,0,505.95,South,In-Store
2949,2025-03-31,Home & Kitchen,41.49,2,0,82.98,South,Online
3076,2025-03-31,Sports,120.4,2,0,240.8,West,Online
3850,2025-03-31,Electronics,211.19,4,0,844.76,South,Online
4125,2025-03-31,Home & Kitchen,61.41,4,10,221.08,East,In-Store
4824,2025-03-31,Clothing,22.23,4,5,84.47,North,In-Store
4898,2025-03-31,Clothing,25.12,3,0,75.36,North,Online
4978,2025-03-31,Sports,63.81,2,20,102.1,North,In-Store
5342,2025-03-31,Home & Kitchen,25.37,1,0,25.37,North,In-Store
5603,2025-03-31,Electronics,229.16,1,0,229.16,East,Online
5605,2025-03-31,Electronics,872.23,5,0,4361.15,West,Online
5666,2025-03-31,Electronics,355.53,4,0,1422.12,North,Online
5771,2025-03-31,Books,8.07,1,15,6.86,North,In-Store
5810,2025-03-31,Clothing,86.47,3,0,259.41,East,Online
5853,2025-03-31,Books,31.36,5,0,156.8,West,Online
1074,2025-04-01,Electronics,397.69,3,0,1193.07,North,Online
1360,2025-04-01,Home & Kitchen,107.29,4,0,429.16,North,Online
1561,2025-04-01,Sports,173.73,5,0,868.65,East,Online
4028,2025-04-01,Books,15.97,3,0,47.91,East,Online
4871,2025-04-01,Home & Kitchen,239.66,3,5,683.03,South,Online
4973,2025-04-01,Clothing,62.43,2,0,124.86,North,Online
5555,2025-04-01,Books,25.68,5,20,102.72,North,In-Store
5878,2025-04-01,Books,35.77,5,0,178.85,South,Online
1099,2025-04-02,Home & Kitchen,27.32,1,0,27.32,North,Online
2017,2025-04-02,Sports,85.17,5,0,425.85,South,In-Store
2372,2025-04-02,Home & Kitchen,156.86,3,0,470.58,South,Online
2734,2025-04-02,Clothing,112.2,4,0,448.8,West,Online
3209,2025-04-02,Books,39.44,5,5,187.34,North,Online
4689,2025-04-02,Clothing,77.87,4,0,311.48,East,In-Store
4985,2025-04-02,Clothing,105.54,2,0,211.08,South,In-Store
5744,2025-04-02,Home & Kitchen,24.44,3,20,58.66,South,Online
1061,2025-04-03,Sports,19.31,2,0,38.62,East,Online
1203,2025-04-03,Sports,157.62,2,5,299.48,West,Online
1387,2025-04-03,Electronics,550.48,2,0,1100.96,North,In-Store
1456,2025-04-03,Clothing,108.74,4,20,347.97,North,Online
1535,2025-04-03,Clothing,22.69,1,0,22.69,North,Online
2072,2025-04-03,Home & Kitchen,222.72,1,0,222.72,South,Online
2303,2025-04-03,Electronics,169.62,5,0,848.1,South,In-Store
2400,2025-04-03,Clothing,56.13,1,5,53.32,North,In-Store
2491,2025-04-03,Sports,59.2,1,0,59.2,East,Online
2992,2025-04-03,Clothing,117.3,1,15,99.7,East,In-Store
3883,2025-04-03,Clothing,80.36,2,0,160.72,East,Online
4098,2025-04-03,Clothing,38.49,4,10,138.56,North,Online
4446,2025-04-03,Clothing,31.39,5,15,133.41,South,Online
4639,2025-04-03,Clothing,77.68,5,0,388.4,West,In-Store
4891,2025-04-03,Books,28.27,5,0,141.35,East,Online
5479,2025-04-03,Clothing,58.51,4,0,234.04,East,Online
1054,2025-04-04,Books,29.63,4,0,118.52,West,Online
1112,2025-04-04,Electronics,651.48,1,0,651.48,South,Online
1530,2025-04-04,Electronics,212.67,1,10,191.4,South,Online
1724,2025-04-04,Clothing,28.65,4,0,114.6,South,Online
2250,2025-04-04,Electronics,246.56,3,20,591.74,South,In-Store
2361,2025-04-04,Electronics,654.39,4,0,2617.56,North,In-Store
3133,2025-04-04,Home & Kitchen,101.96,2,10,183.53,East,In-Store
3438,2025-04-04,Electronics,474.53,5,0,2372.65,North,In-Store
3442,2025-04-04,Electronics,737.93,5,10,3320.68,South,In-Store
4281,2025-04-04,Home & Kitchen,200.85,3,0,602.55,North,In-Store
4560,2025-04-04,Clothing,87.78,1,0,87.78,East,In-Store
4905,2025-04-04,Home & Kitchen,215.93,3,5,615.4,North,Online
5045,2025-04-04,Books,38.57,1,0,38.57,East,Online
5048,2025-04-04,Home & Kitchen,126.55,5,15,537.84,West,Online
5212,2025-04-04,Electronics,401.26,2,10,722.27,East,Online
5309,2025-04-04,Clothing,78.92,1,10,71.03,East,Online
5553,2025-04-04,Clothing,22.68,1,0,22.68,South,Online
1060,2025-04-05,Home & Kitchen,28.96,2,5,55.02,East,Online
1110,2025-04-05,Electronics,781.74,3,5,2227.96,East,Online
1764,2025-04-05,Books,30.39,2,0,60.78,South,Online
2316,2025-04-05,Electronics,802.65,3,0,2407.95,South,Online
2323,2025-04-05,Books,13.04,5,0,65.2,West,Online
2455,2025-04-05,Sports,70.17,4,0,280.68,North,Online
3245,2025-04-05,Books,7.67,3,10,20.71,West,Online
3412,2025-04-05,Electronics,198.94,5,0,994.7,South,In-Store
3597,2025-04-05,Books,6.44,1,0,6.44,East,Online
3658,2025-04-05,Clothing,82.43,2,0,164.86,South,Online
4112,2025-04-05,Home & Kitchen,112.15,4,15,381.31,North,Online
4362,2025-04-05,Electronics,494.8,1,10,445.32,East,In-Store
4768,2025-04-05,Clothing,45.57,5,0,227.85,North,Online
5054,2025-04-05,Clothing,31.96,5,0,159.8,East,Online
5372,2025-04-05,Books,26.64,3,20,63.94,South,In-Store
5493,2025-04-05,Clothing,111.41,2,0,222.82,East,In-Store
5894,2025-04-05,Electronics,412.59,4,0,1650.36,South,Online
1064,2025-04-06,Home & Kitchen,234.07,5,5,1111.83,West,Online
1449,2025-04-06,Clothing,80.91,4,0,323.64,South,Online
1558,2025-04-06,Electronics,568.0,2,10,1022.4,West,Online
1593,2025-04-06,Books,38.95,1,5,37.0,South,Online
1880,2025-04-06,Clothing,66.22,2,0,132.44,West,In-Store
2226,2025-04-06,Electronics,204.43,5,5,971.04,North,Online
2793,2025-04-06,Electronics,820.36,3,5,2338.03,West,Online
3347,2025-04-06,Electronics,279.25,2,5,530.57,West,Online
3407,2025-04-06,Books,35.41,2,5,67.28,North,Online
3602,2025-04-06,Books,6.47,1,0,6.47,East,Online
3618,2025-04-06,Electronics,480.86,1,5,456.82,East,Online
3638,2025-04-06,Home & Kitchen,22.79,2,0,45.58,West,In-Store
3707,2025-04-06,Electronics,488.36,1,15,415.11,South,In-Store
3854,2025-04-06,Books,15.43,2,0,30.86,West,Online
5103,2025-04-06,Clothing,34.59,5,5,164.3,East,Online
5285,2025-04-06,Clothing,77.14,2,5,146.57,East,Online
5361,2025-04-06,Electronics,155.5,2,0,311.0,South,Online
5739,2025-04-06,Electronics,216.03,4,5,820.91,East,In-Store
1867,2025-04-07,Clothing,97.12,4,0,388.48,South,Online
1959,2025-04-07,Electronics,759.86,2,0,1519.72,West,Online
2641,2025-04-07,Sports,175.35,5,0,876.75,North,Online
3026,2025-04-07,Sports,82.83,1,0,82.83,North,Online
3319,2025-04-07,Sports,119.53,1,10,107.58,West,In-Store
3508,2025-04-07,Electronics,618.96,1,0,618.96,South,Online
3869,2025-04-07,Home & Kitchen,104.78,2,5,199.08,East,Online
4229,2025-04-07,Home & Kitchen,41.08,5,0,205.4,West,Online
4358,2025-04-07,Clothing,14.94,2,5,28.39,South,Online
4455,2025-04-07,Clothing,85.56,1,20,68.45,West,In-Store
4711,2025-04-07,Sports,151.1,3,0,453.3,West,Online
5581,2025-04-07,Home & Kitchen,237.89,3,0,713.67,East,Online
5646,2025-04-07,Books,32.76,3,0,98.28,West,Online
5889,2025-04-07,Sports,80.79,4,20,258.53,East,In-Store
1156,2025-04-08,Clothing,83.15,2,0,166.3,North,In-Store
1711,2025-04-08,Sports,117.62,4,5,446.96,East,Online
1813,2025-04-08,Clothing,66.21,4,20,211.87,West,Online
1956,2025-04-08,Electronics,869.81,4,0,3479.24,West,In-Store
2370,2025-04-08,Electronics,320.13,3,0,960.39,East,Online
2651,2025-04-08,Clothing,54.88,4,0,219.52,South,Online
3454,2025-04-08,Sports,33.49,1,0,33.49,East,Online
3734,2025-04-08,Clothing,51.51,4,0,206.04,North,In-Store
3832,2025-04-08,Clothing,98.47,1,0,98.47,West,Online
4228,2025-04-08,Books,29.82,1,20,23.86,East,Online
4471,2025-04-08,Sports,87.22,1,15,74.14,East,In-Store
4813,2025-04-08,Electronics,817.22,1,0,817.22,East,Online
5343,2025-04-08,Books,31.61,5,10,142.24,North,Online
5865,2025-04-08,Electronics,562.38,4,0,2249.52,East,In-Store
1068,2025-04-09,Clothing,70.91,5,5,336.82,West,In-Store
1390,2025-04-09,Electronics,556.9,2,5,1058.11,South,Online
1729,2025-04-09,Electronics,461.86,5,20,1847.44,South,Online
1847,2025-04-09,Electronics,851.55,5,5,4044.86,East,In-Store
2979,2025-04-09,Electronics,584.45,3,5,1665.68,North,Online
3140,2025-04-09,Books,10.14,3,0,30.42,South,In-Store
3835,2025-04-09,Clothing,33.58,2,0,67.16,West,Online
4008,2025-04-09,Home & Kitchen,105.55,3,0,316.65,West,In-Store
4666,2025-04-09,Clothing,44.96,2,0,89.92,North,Online
4687,2025-04-09,Sports,18.79,5,0,93.95,South,Online
4766,2025-04-09,Home & Kitchen,37.29,5,0,186.45,North,In-Store
1056,2025-04-10,Electronics,430.96,2,10,775.73,East,Online
2016,2025-04-10,Sports,163.59,2,0,327.18,North,In-Store
2252,2025-04-10,Clothing,85.4,2,0,170.8,North,In-Store
2528,2025-04-10,Books,16.36,3,0,49.08,West,Online
2931,2025-04-10,Electronics,472.64,3,0,1417.92,West,In-Store
3307,2025-04-10,Clothing,90.22,2,5,171.42,North,Online
3912,2025-04-10,Home & Kitchen,46.38,1,0,46.38,East,Online
4002,2025-04-10,Clothing,24.88,4,15,84.59,North,Online
4062,2025-04-10,Clothing,58.94,1,20,47.15,South,Online
4385,2025-04-10,Clothing,102.62,4,0,410.48,South,In-Store
4414,2025-04-10,Electronics,401.89,4,0,1607.56,West,Online
4575,2025-04-10,Books,19.87,4,0,79.48,North,Online
1347,2025-04-11,Sports,166.77,5,20,667.08,West,In-Store
1653,2025-04-11,Electronics,308.34,2,0,616.68,East,Online
1803,2025-04-11,Clothing,32.14,1,20,25.71,North,Online
1849,2025-04-11,Books,12.17,1,0,12.17,East,In-Store
2163,2025-04-11,Books,33.15,1,0,33.15,East,In-Store
3088,2025-04-11,Sports,44.33,3,0,132.99,West,In-Store
3310,2025-04-11,Clothing,66.25,3,0,198.75,East,Online
3721,2025-04-11,Home & Kitchen,225.06,5,0,1125.3,East,Online
3974,2025-04-11,Home & Kitchen,64.28,5,0,321.4,North,Online
4287,2025-04-11,Electronics,698.59,4,0,2794.36,North,Online
4310,2025-04-11,Clothing,102.33,2,15,173.96,South,Online
4428,2025-04-11,Electronics,386.23,1,0,386.23,East,Online
4477,2025-04-11,Books,5.08,3,0,15.24,East,In-Store
4559,2025-04-11,Home & Kitchen,72.54,1,15,61.66,East,Online
5207,2025-04-11,Clothing,25.29,5,0,126.45,North,Online
5325,2025-04-11,Books,39.33,3,0,117.99,East,Online
5848,2025-04-11,Books,17.57,3,10,47.44,South,In-Store
1244,2025-04-12,Electronics,602.59,2,0,1205.18,South,Online
1362,2025-04-12,Home & Kitchen,217.42,3,5,619.65,South,In-Store
1522,2025-04-12,Electronics,270.35,5,5,1284.16,North,Online
2424,2025-04-12,Electronics,346.98,5,0,1734.9,North,In-Store
3697,2025-04-12,Clothing,56.99,5,0,284.95,West,Online
3964,2025-04-12,Sports,71.37,1,5,67.8,North,Online
4218,2025-04-12,Clothing,60.19,3,0,180.57,East,In-Store
4554,2025-04-12,Home & Kitchen,23.82,1,0,23.82,South,In-Store
4569,2025-04-12,Electronics,745.0,5,10,3352.5,East,In-Store
5261,2025-04-12,Home & Kitchen,70.49,3,20,169.18,North,Online
5736,2025-04-12,Electronics,367.23,2,0,734.46,North,Online
1000,2025-04-13,Sports,48.94,5,0,244.7,North,Online
1169,2025-04-13,Electronics,597.2,3,0,1791.6,West,Online
1211,2025-04-13,Electronics,575.66,2,0,1151.32,South,In-Store
1927,2025-04-13,Books,15.5,1,0,15.5,North,Online
2887,2025-04-13,Electronics,693.1,5,0,3465.5,West,In-Store
2909,2025-04-13,Home & Kitchen,188.82,5,10,849.69,West,Online
3456,2025-04-13,Books,13.09,1,10,11.78,West,Online
3471,2025-04-13,Sports,152.34,1,20,121.87,West,In-Store
3773,2025-04-13,Home & Kitchen,71.39,2,0,142.78,West,In-Store
3892,2025-04-13,Clothing,30.1,5,0,150.5,South,Online
3903,2025-04-13,Home & Kitchen,207.71,5,0,1038.55,North,In-Store
3937,2025-04-13,Clothing,30.13,1,0,30.13,West,In-Store
4013,2025-04-13,Home & Kitchen,39.49,1,0,39.49,West,In-Store
4692,2025-04-13,Home & Kitchen,117.43,3,0,352.29,South,Online
4915,2025-04-13,Home & Kitchen,216.67,2,0,433.34,North,In-Store
1033,2025-04-14,Clothing,11.01,1,0,11.01,East,In-Store
1571,2025-04-14,Sports,99.21,1,0,99.21,North,In-Store
1984,2025-04-14,Sports,39.51,2,0,79.02,West,Online
2951,2025-04-14,Sports,198.77,5,5,944.16,East,Online
3661,2025-04-14,Books,30.04,5,0,150.2,South,Online
3823,2025-04-14,Books,23.31,2,0,46.62,South,Online
4728,2025-04-14,Home & Kitchen,90.19,4,0,360.76,East,Online
5278,2025-04-14,Books,7.36,4,0,29.44,East,Online
5294,2025-04-14,Clothing,54.05,3,0,162.15,North,In-Store
5456,2025-04-14,Clothing,13.68,3,0,41.04,South,In-Store
1221,2025-04-15,Home & Kitchen,186.81,4,5,709.88,South,Online
1795,2025-04-15,Home & Kitchen,92.15,2,5,175.08,East,In-Store
2097,2025-04-15,Home & Kitchen,70.2,2,0,140.4,East,Online
2110,2025-04-15,Books,35.17,1,0,35.17,South,Online
2408,2025-04-15,Clothing,27.03,1,0,27.03,East,Online
2889,2025-04-15,Home & Kitchen,220.05,4,0,880.2,East,Online
3077,2025-04-15,Home & Kitchen,127.65,2,15,217.0,East,Online
3569,2025-04-15,Home & Kitchen,193.76,3,0,581.28,East,Online
4184,2025-04-15,Clothing,98.11,2,5,186.41,East,In-Store
4376,2025-04-15,Clothing,33.78,1,20,27.02,East,Online
4600,2025-04-15,Sports,103.03,5,15,437.88,East,In-Store
4656,2025-04-15,Home & Kitchen,86.34,2,0,172.68,East,Online
5452,2025-04-15,Clothing,116.21,2,0,232.42,North,Online
5725,2025-04-15,Clothing,75.83,5,0,379.15,West,In-Store
5995,2025-04-15,Clothing,114.12,5,0,570.6,West,Online
1328,2025-04-16,Home & Kitchen,80.19,3,0,240.57,East,In-Store
1587,2025-04-16,Home & Kitchen,143.75,5,15,610.94,North,In-Store
1665,2025-04-16,Books,8.6,2,5,16.34,East,In-Store
1751,2025-04-16,Sports,82.89,3,0,248.67,South,Online
1998,2025-04-16,Home & Kitchen,139.42,4,0,557.68,West,Online
2133,2025-04-16,Electronics,470.33,3,0,1410.99,West,In-Store
2563,2025-04-16,Clothing,74.55,4,0,298.2,West,Online
3293,2025-04-16,Electronics,486.93,2,10,876.47,North,Online
3529,2025-04-16,Electronics,397.84,2,0,795.68,East,In-Store
3706,2025-04-16,Clothing,68.71,4,10,247.36,South,Online
4107,2025-04-16,Home & Kitchen,187.02,5,0,935.1,North,Online
4445,2025-04-16,Sports,45.2,1,0,45.2,East,In-Store
4968,2025-04-16,Home & Kitchen,81.93,3,0,245.79,South,In-Store
5027,2025-04-16,Home & Kitchen,34.21,1,0,34.21,North,In-Store
5204,2025-04-16,Clothing,26.45,3,0,79.35,East,Online
5295,2025-04-16,Clothing,67.69,1,20,54.15,East,In-Store
1517,2025-04-17,Clothing,39.57,4,5,150.37,North,In-Store
1961,2025-04-17,Home & Kitchen,132.22,2,0,264.44,North,Online
2003,2025-04-17,Electronics,163.52,4,0,654.08,West,In-Store
2209,2025-04-17,Sports,38.79,2,0,77.58,South,In-Store
3003,2025-04-17,Electronics,813.54,1,0,813.54,East,In-Store
3143,2025-04-17,Electronics,864.78,1,0,864.78,South,Online
3244,2025-04-17,Electronics,357.68,3,0,1073.04,South,Online
3390,2025-04-17,Electronics,713.88,5,0,3569.4,South,Online
3496,2025-04-17,Home & Kitchen,144.12,5,10,648.54,South,In-Store
4150,2025-04-17,Books,15.03,3,0,45.09,North,In-Store
4174,2025-04-17,Books,37.81,5,0,189.05,East,Online
5349,2025-04-17,Clothing,92.98,2,0,185.96,East,In-Store
1048,2025-04-18,Clothing,19.39,5,0,96.95,West,Online
1163,2025-04-18,Clothing,39.94,2,0,79.88,West,Online
1355,2025-04-18,Clothing,117.7,3,5,335.44,North,Online
1812,2025-04-18,Clothing,108.78,4,0,435.12,North,In-Store
1839,2025-04-18,Books,18.19,4,0,72.76,South,Online
2365,2025-04-18,Books,8.43,5,10,37.94,South,In-Store
2624,2025-04-18,Clothing,117.97,2,0,235.94,East,In-Store
2925,2025-04-18,Clothing,105.79,1,0,105.79,West,Online
2954,2025-04-18,Electronics,343.31,2,0,686.62,North,Online
3610,2025-04-18,Sports,173.29,5,0,866.45,West,Online
3847,2025-04-18,Books,23.56,5,15,100.13,West,Online
3882,2025-04-18,Books,29.85,2,0,59.7,North,Online
3998,2025-04-18,Clothing,57.98,2,15,98.57,East,In-Store
5443,2025-04-18,Books,32.08,4,0,128.32,West,Online
5530,2025-04-18,Electronics,371.81,1,0,371.81,South,Online
5670,2025-04-18,Electronics,446.51,4,0,1786.04,South,Online
5775,2025-04-18,Sports,37.2,3,0,111.6,West,Online
1381,2025-04-19,Clothing,44.03,5,10,198.14,South,In-Store
1473,2025-04-19,Clothing,30.47,3,0,91.41,West,In-Store
1523,2025-04-19,Sports,97.55,4,15,331.67,North,Online
2164,2025-04-19,Electronics,550.53,3,5,1569.01,South,Online
2472,2025-04-19,Books,8.78,2,0,17.56,West,In-Store
3700,2025-04-19,Sports,115.86,4,0,463.44,East,Online
3787,2025-04-19,Clothing,110.56,1,0,110.56,West,Online
4027,2025-04-19,Home & Kitchen,73.5,1,0,73.5,South,Online
4389,2025-04-19,Sports,192.01,1,0,192.01,South,In-Store
4970,2025-04-19,Sports,161.46,1,10,145.31,East,Online
5728,2025-04-19,Home & Kitchen,176.08,2,0,352.16,South,Online
5820,2025-04-19,Home & Kitchen,176.02,5,10,792.09,West,Online
1719,2025-04-20,Clothing,59.67,2,5,113.37,West,In-Store
1785,2025-04-20,Books,30.13,3,15,76.83,North,Online
1951,2025-04-20,Clothing,16.95,2,0,33.9,West,In-Store
4056,2025-04-20,Sports,77.95,4,0,311.8,West,Online
4401,2025-04-20,Home & Kitchen,51.92,5,0,259.6,West,Online
5033,2025-04-20,Clothing,29.36,1,0,29.36,West,Online
5792,2025-04-20,Home & Kitchen,79.24,1,0,79.24,East,Online
1124,2025-04-21,Clothing,68.68,3,5,195.74,West,In-Store
1403,2025-04-21,Sports,53.35,5,0,266.75,North,In-Store
2175,2025-04-21,Electronics,258.7,2,0,517.4,West,Online
2488,2025-04-21,Electronics,488.32,1,0,488.32,East,In-Store
2689,2025-04-21,Electronics,837.81,4,0,3351.24,West,Online
2710,2025-04-21,Electronics,227.44,3,0,682.32,South,Online
3378,2025-04-21,Clothing,48.2,2,10,86.76,South,In-Store
3501,2025-04-21,Clothing,40.69,4,0,162.76,North,In-Store
3663,2025-04-21,Sports,171.29,5,0,856.45,West,Online
3941,2025-04-21,Clothing,75.44,5,5,358.34,East,Online
4003,2025-04-21,Clothing,82.86,5,0,414.3,East,Online
4456,2025-04-21,Home & Kitchen,165.06,4,10,594.22,North,Online
5121,2025-04-21,Home & Kitchen,141.0,3,0,423.0,North,Online
5843,2025-04-21,Electronics,719.06,1,0,719.06,West,Online
1148,2025-04-22,Electronics,587.28,4,10,2114.21,South,In-Store
1290,2025-04-22,Sports,103.06,1,0,103.06,North,Online
1529,2025-04-22,Electronics,273.96,5,5,1301.31,South,Online
1572,2025-04-22,Electronics,278.58,4,20,891.46,West,In-Store
1934,2025-04-22,Sports,77.1,1,5,73.24,West,Online
2267,2025-04-22,Clothing,24.68,3,0,74.04,West,Online
2544,2025-04-22,Electronics,228.36,4,20,730.75,North,Online
3234,2025-04-22,Home & Kitchen,202.7,1,5,192.56,North,Online
3644,2025-04-22,Clothing,72.02,1,15,61.22,West,In-Store
3876,2025-04-22,Home & Kitchen,202.81,5,5,963.35,South,Online
4644,2025-04-22,Home & Kitchen,202.39,3,0,607.17,East,In-Store
5135,2025-04-22,Books,36.13,4,0,144.52,South,Online
5265,2025-04-22,Books,18.39,1,10,16.55,West,Online
5399,2025-04-22,Clothing,82.18,2,0,164.36,West,Online
5558,2025-04-22,Electronics,266.7,2,0,533.4,West,In-Store
1102,2025-04-23,Clothing,118.49,2,0,236.98,West,Online
1192,2025-04-23,Clothing,22.74,2,10,40.93,West,Online
1320,2025-04-23,Clothing,90.92,3,0,272.76,North,In-Store
1495,2025-04-23,Electronics,443.01,5,15,1882.79,East,Online
2056,2025-04-23,Home & Kitchen,177.8,1,10,160.02,East,Online
2202,2025-04-23,Electronics,271.63,5,5,1290.24,South,Online
2467,2025-04-23,Clothing,90.99,3,0,272.97,East,Online
3534,2025-04-23,Electronics,192.71,1,0,192.71,East,Online
3674,2025-04-23,Electronics,418.98,2,0,837.96,South,In-Store
3935,2025-04-23,Clothing,61.55,1,0,61.55,North,Online
4168,2025-04-23,Electronics,749.18,4,10,2697.05,South,In-Store
5224,2025-04-23,Home & Kitchen,128.38,4,0,513.52,East,In-Store
5600,2025-04-23,Clothing,56.88,2,0,113.76,West,In-Store
1062,2025-04-24,Clothing,106.52,4,0,426.08,North,In-Store
1237,2025-04-24,Electronics,773.16,1,5,734.5,West,Online
1494,2025-04-24,Sports,182.63,2,0,365.26,West,In-Store
2348,2025-04-24,Clothing,90.35,5,0,451.75,East,Online
2964,2025-04-24,Clothing,47.25,1,10,42.52,West,Online
3180,2025-04-24,Home & Kitchen,107.73,4,0,430.92,South,Online
3592,2025-04-24,Books,35.61,3,0,106.83,South,In-Store
3698,2025-04-24,Clothing,17.66,4,0,70.64,North,Online
4351,2025-04-24,Clothing,106.81,4,0,427.24,North,Online
4663,2025-04-24,Books,25.24,2,20,40.38,East,Online
5755,2025-04-24,Books,32.95,3,0,98.85,North,Online
2326,2025-04-25,Home & Kitchen,65.42,2,0,130.84,North,In-Store
2664,2025-04-25,Home & Kitchen,143.87,1,0,143.87,East,In-Store
2969,2025-04-25,Books,19.99,4,10,71.96,East,In-Store
3048,2025-04-25,Electronics,893.79,2,0,1787.58,South,Online
3149,2025-04-25,Sports,161.2,5,0,806.0,West,Online
4042,2025-04-25,Sports,139.02,5,0,695.1,South,Online
4301,2025-04-25,Clothing,26.11,3,5,74.41,North,In-Store
4353,2025-04-25,Clothing,41.92,3,5,119.47,South,Online
5005,2025-04-25,Books,38.09,5,10,171.41,East,Online
5060,2025-04-25,Home & Kitchen,129.35,4,10,465.66,West,Online
5129,2025-04-25,Clothing,40.85,4,5,155.23,West,Online
5514,2025-04-25,Books,19.19,4,0,76.76,South,Online
5886,2025-04-25,Sports,92.2,3,0,276.6,South,Online
1469,2025-04-26,Electronics,779.86,1,20,623.89,North,Online
1617,2025-04-26,Electronics,701.19,1,0,701.19,West,Online
1694,2025-04-26,Clothing,53.55,1,0,53.55,East,Online
2239,2025-04-26,Clothing,26.29,2,0,52.58,West,Online
3339,2025-04-26,Electronics,621.25,4,10,2236.5,East,In-Store
3419,2025-04-26,Electronics,245.44,2,0,490.88,West,Online
3519,2025-04-26,Clothing,28.01,4,15,95.23,West,In-Store
3792,2025-04-26,Home & Kitchen,208.89,3,0,626.67,West,Online
4222,2025-04-26,Clothing,77.16,4,0,308.64,East,Online
4674,2025-04-26,Clothing,99.33,1,0,99.33,North,In-Store
4982,2025-04-26,Sports,23.38,5,0,116.9,North,Online
1168,2025-04-27,Sports,50.63,2,0,101.26,East,In-Store
1736,2025-04-27,Electronics,670.51,2,0,1341.02,North,Online
2914,2025-04-27,Home & Kitchen,91.62,2,0,183.24,South,In-Store
3006,2025-04-27,Books,12.34,2,0,24.68,East,Online
3511,2025-04-27,Electronics,642.1,2,10,1155.78,East,In-Store
4043,2025-04-27,Clothing,110.43,2,0,220.86,South,Online
4110,2025-04-27,Books,8.76,2,0,17.52,West,In-Store
4265,2025-04-27,Sports,175.69,2,0,351.38,North,Online
4282,2025-04-27,Sports,76.59,2,0,153.18,South,Online
4367,2025-04-27,Electronics,772.26,5,15,3282.1,North,Online
4886,2025-04-27,Electronics,255.98,4,0,1023.92,South,Online
5377,2025-04-27,Home & Kitchen,149.78,3,5,426.87,East,Online
5392,2025-04-27,Electronics,520.24,2,0,1040.48,South,In-Store
5993,2025-04-27,Home & Kitchen,89.71,4,5,340.9,North,Online
1254,2025-04-28,Clothing,75.29,2,0,150.58,North,Online
1386,2025-04-28,Electronics,265.74,3,5,757.36,West,Online
1392,2025-04-28,Sports,142.35,2,0,284.7,West,Online
1540,2025-04-28,Sports,98.49,3,10,265.92,East,In-Store
1613,2025-04-28,Clothing,92.63,2,10,166.73,East,In-Store
2743,2025-04-28,Sports,33.35,1,0,33.35,East,In-Store
3034,2025-04-28,Home & Kitchen,156.8,1,5,148.96,East,Online
3093,2025-04-28,Clothing,56.63,4,5,215.19,East,Online
4156,2025-04-28,Clothing,44.43,2,0,88.86,North,In-Store
4292,2025-04-28,Clothing,102.96,2,0,205.92,South,Online
4430,2025-04-28,Sports,21.17,5,0,105.85,East,Online
5034,2025-04-28,Clothing,81.49,2,5,154.83,East,Online
5281,2025-04-28,Sports,132.11,1,10,118.9,East,In-Store
5765,2025-04-28,Home & Kitchen,201.37,4,0,805.48,South,Online
1300,2025-04-29,Electronics,876.37,5,20,3505.48,West,Online
2022,2025-04-29,Home & Kitchen,95.38,2,0,190.76,East,Online
2597,2025-04-29,Books,35.96,3,5,102.49,West,Online
4025,2025-04-29,Sports,116.42,5,0,582.1,North,Online
4054,2025-04-29,Electronics,234.87,3,0,704.61,North,In-Store
4077,2025-04-29,Clothing,87.61,2,0,175.22,North,In-Store
4180,2025-04-29,Clothing,14.5,2,0,29.0,North,In-Store
4708,2025-04-29,Sports,78.91,2,10,142.04,West,In-Store
4733,2025-04-29,Clothing,31.48,3,0,94.44,North,Online
4747,2025-04-29,Clothing,19.13,1,0,19.13,East,Online
4873,2025-04-29,Clothing,71.36,5,5,338.96,North,Online
4927,2025-04-29,Books,16.66,5,5,79.13,North,Online
5577,2025-04-29,Home & Kitchen,112.98,4,0,451.92,North,In-Store
5618,2025-04-29,Clothing,79.38,2,0,158.76,South,In-Store
5734,2025-04-29,Electronics,264.47,1,0,264.47,East,Online
1367,2025-04-30,Electronics,209.23,5,0,1046.15,South,In-Store
1592,2025-04-30,Electronics,358.98,4,10,1292.33,East,Online
1800,2025-04-30,Clothing,35.48,1,0,35.48,South,Online
2440,2025-04-30,Electronics,530.08,1,5,503.58,South,Online
2707,2025-04-30,Books,6.69,2,10,12.04,West,In-Store
2779,2025-04-30,Home & Kitchen,208.42,2,5,396.0,North,Online
3054,2025-04-30,Clothing,83.37,5,0,416.85,West,Online
3170,2025-04-30,Home & Kitchen,41.35,1,0,41.35,North,Online
3430,2025-04-30,Clothing,47.86,5,15,203.4,West,Online
3567,2025-04-30,Clothing,13.78,1,15,11.71,South,Online
4243,2025-04-30,Sports,79.71,5,0,398.55,North,In-Store
4311,2025-04-30,Electronics,597.59,1,0,597.59,East,Online
4743,2025-04-30,Electronics,560.19,5,0,2800.95,East,In-Store
4795,2025-04-30,Clothing,84.68,2,0,169.36,East,Online
5256,2025-04-30,Electronics,252.22,2,0,504.44,East,Online
5287,2025-04-30,Home & Kitchen,134.71,2,0,269.42,West,In-Store
5688,2025-04-30,Home & Kitchen,105.18,1,0,105.18,East,In-Store
5796,2025-04-30,Clothing,103.91,1,0,103.91,North,Online
1255,2025-05-01,Sports,181.5,1,0,181.5,South,Online
1969,2025-05-01,Sports,158.71,3,10,428.52,West,Online
1981,2025-05-01,Sports,104.78,1,0,104.78,East,Online
2518,2025-05-01,Books,34.43,5,0,172.15,South,Online
2653,2025-05-01,Electronics,278.77,2,0,557.54,West,Online
3020,2025-05-01,Clothing,63.85,1,0,63.85,West,In-Store
3341,2025-05-01,Books,33.33,1,0,33.33,West,Online
3743,2025-05-01,Home & Kitchen,120.14,2,0,240.28,East,Online
4155,2025-05-01,Sports,156.05,1,0,156.05,East,Online
4513,2025-05-01,Home & Kitchen,49.94,5,10,224.73,North,Online
5515,2025-05-01,Sports,104.23,3,15,265.79,South,Online
5680,2025-05-01,Sports,136.3,3,0,408.9,West,Online
5902,2025-05-01,Books,12.54,5,0,62.7,East,Online
5964,2025-05-01,Books,19.53,1,10,17.58,East,In-Store
1398,2025-05-02,Electronics,866.94,5,0,4334.7,East,In-Store
1531,2025-05-02,Home & Kitchen,44.23,4,0,176.92,South,Online
1716,2025-05-02,Electronics,529.27,5,0,2646.35,East,Online
2146,2025-05-02,Electronics,605.0,3,15,1542.75,North,Online
3275,2025-05-02,Clothing,33.15,2,10,59.67,South,Online
3445,2025-05-02,Clothing,119.98,1,0,119.98,North,In-Store
3577,2025-05-02,Electronics,571.71,5,0,2858.55,South,Online
3713,2025-05-02,Electronics,183.54,3,0,550.62,East,Online
3786,2025-05-02,Clothing,51.84,3,0,155.52,East,In-Store
4146,2025-05-02,Clothing,66.39,5,0,331.95,North,Online
4490,2025-05-02,Electronics,806.21,3,0,2418.63,West,Online
4514,2025-05-02,Clothing,25.68,2,5,48.79,East,Online
4804,2025-05-02,Clothing,107.25,3,5,305.66,West,Online
5109,2025-05-02,Clothing,79.47,5,5,377.48,North,Online
5461,2025-05-02,Electronics,379.62,4,0,1518.48,South,Online
5781,2025-05-02,Electronics,379.47,4,0,1517.88,East,Online
1484,2025-05-03,Sports,33.97,1,0,33.97,East,Online
1544,2025-05-03,Electronics,484.79,3,0,1454.37,South,In-Store
1676,2025-05-03,Electronics,843.22,5,0,4216.1,West,Online
1904,2025-05-03,Clothing,97.45,1,0,97.45,West,Online
1911,2025-05-03,Clothing,24.12,4,5,91.66,East,In-Store
1916,2025-05-03,Electronics,158.94,3,20,381.46,West,In-Store
2242,2025-05-03,Clothing,58.88,1,10,52.99,East,Online
2329,2025-05-03,Books,35.36,3,0,106.08,South,In-Store
3216,2025-05-03,Clothing,20.96,2,0,41.92,West,Online
4466,2025-05-03,Electronics,456.21,5,0,2281.05,West,In-Store
4503,2025-05-03,Clothing,98.55,4,0,394.2,South,Online
4909,2025-05-03,Home & Kitchen,225.38,5,5,1070.56,South,In-Store
5251,2025-05-03,Electronics,415.63,4,5,1579.39,North,In-Store
5523,2025-05-03,Home & Kitchen,183.05,3,0,549.15,South,Online
5799,2025-05-03,Clothing,83.49,1,0,83.49,South,Online
1448,2025-05-04,Clothing,16.36,2,5,31.08,West,In-Store
3082,2025-05-04,Home & Kitchen,244.18,4,0,976.72,North,Online
3796,2025-05-04,Sports,172.18,4,0,688.72,East,Online
4223,2025-05-04,Electronics,168.22,2,5,319.62,North,Online
5131,2025-05-04,Electronics,420.78,4,0,1683.12,North,In-Store
5923,2025-05-04,Electronics,638.89,5,15,2715.28,South,In-Store
2171,2025-05-05,Clothing,88.22,3,0,264.66,North,In-Store
2950,2025-05-05,Books,37.36,1,0,37.36,West,Online
3648,2025-05-05,Books,14.4,4,0,57.6,North,Online
4089,2025-05-05,Sports,106.44,1,15,90.47,North,Online
4144,2025-05-05,Sports,104.15,4,5,395.77,West,In-Store
4626,2025-05-05,Electronics,322.78,2,0,645.56,South,Online
4716,2025-05-05,Electronics,566.06,5,5,2688.78,East,In-Store
4974,2025-05-05,Home & Kitchen,149.75,2,10,269.55,West,In-Store
5085,2025-05-05,Electronics,266.42,4,0,1065.68,South,Online
5111,2025-05-05,Clothing,106.1,2,0,212.2,West,In-Store
5130,2025-05-05,Home & Kitchen,41.87,4,0,167.48,North,Online
5210,2025-05-05,Sports,23.52,3,0,70.56,South,In-Store
5476,2025-05-05,Books,26.67,5,0,133.35,South,Online
1394,2025-05-06,Clothing,21.14,5,0,105.7,West,Online
1796,2025-05-06,Electronics,469.5,3,0,1408.5,East,In-Store
3028,2025-05-06,Clothing,118.46,2,0,236.92,North,In-Store
3411,2025-05-06,Electronics,453.89,5,0,2269.45,East,Online
3851,2025-05-06,Books,22.03,1,0,22.03,West,In-Store
4966,2025-05-06,Clothing,61.51,3,0,184.53,West,Online
5535,2025-05-06,Home & Kitchen,155.7,2,0,311.4,East,Online
1515,2025-05-07,Sports,187.55,5,0,937.75,West,Online
1595,2025-05-07,Electronics,313.66,2,0,627.32,West,Online
2753,2025-05-07,Books,24.35,5,0,121.75,South,In-Store
2798,2025-05-07,Electronics,558.59,2,5,1061.32,East,In-Store
3102,2025-05-07,Home & Kitchen,91.49,3,0,274.47,North,In-Store
3279,2025-05-07,Books,29.75,1,0,29.75,East,Online
3380,2025-05-07,Books,23.26,5,0,116.3,East,Online
4551,2025-05-07,Home & Kitchen,171.24,4,0,684.96,North,Online
5147,2025-05-07,Electronics,378.95,4,0,1515.8,North,Online
5205,2025-05-07,Electronics,271.37,4,0,1085.48,East,In-Store
5925,2025-05-07,Sports,189.31,4,0,757.24,East,Online
1041,2025-05-08,Home & Kitchen,110.78,2,0,221.56,East,Online
1536,2025-05-08,Books,22.93,5,5,108.92,North,In-Store
1864,2025-05-08,Electronics,222.52,4,0,890.08,North,Online
1935,2025-05-08,Home & Kitchen,124.04,5,0,620.2,West,In-Store
2065,2025-05-08,Clothing,92.2,1,0,92.2,East,In-Store
2159,2025-05-08,Clothing,23.98,4,10,86.33,South,Online
2188,2025-05-08,Home & Kitchen,93.76,4,0,375.04,West,Online
2311,2025-05-08,Sports,102.54,2,0,205.08,West,In-Store
3266,2025-05-08,Home & Kitchen,114.98,3,5,327.69,West,Online
4079,2025-05-08,Electronics,448.14,2,5,851.47,East,Online
4225,2025-05-08,Sports,138.2,3,0,414.6,East,Online
4485,2025-05-08,Clothing,68.39,5,5,324.85,East,Online
4629,2025-05-08,Clothing,62.92,4,5,239.1,North,Online
4739,2025-05-08,Home & Kitchen,99.22,1,0,99.22,North,Online
4928,2025-05-08,Sports,17.17,5,0,85.85,East,Online
5031,2025-05-08,Clothing,49.71,5,0,248.55,North,In-Store
5066,2025-05-08,Books,38.49,1,5,36.57,East,Online
5384,2025-05-08,Sports,127.65,3,0,382.95,South,Online
5599,2025-05-08,Books,10.27,2,5,19.51,North,Online
5949,2025-05-08,Books,38.01,4,0,152.04,East,In-Store
1051,2025-05-09,Electronics,267.33,2,5,507.93,West,Online
1466,2025-05-09,Electronics,720.76,1,5,684.72,East,Online
1555,2025-05-09,Clothing,100.85,5,5,479.04,South,Online
1616,2025-05-09,Home & Kitchen,187.83,3,10,507.14,South,Online
1684,2025-05-09,Home & Kitchen,174.68,5,0,873.4,West,Online
1925,2025-05-09,Electronics,534.63,1,0,534.63,South,Online
2337,2025-05-09,Electronics,697.89,5,0,3489.45,West,Online
2886,2025-05-09,Home & Kitchen,160.94,5,10,724.23,East,Online
4425,2025-05-09,Books,16.79,2,0,33.58,East,Online
5055,2025-05-09,Clothing,34.57,3,10,93.34,West,Online
5552,2025-05-09,Sports,112.74,4,10,405.86,North,In-Store
5794,2025-05-09,Home & Kitchen,58.39,2,10,105.1,North,Online
1024,2025-05-10,Home & Kitchen,27.6,1,0,27.6,North,Online
1231,2025-05-10,Electronics,323.35,2,0,646.7,North,Online
1265,2025-05-10,Books,28.16,1,0,28.16,East,In-Store
1798,2025-05-10,Home & Kitchen,138.98,5,0,694.9,East,Online
1979,2025-05-10,Sports,17.66,2,0,35.32,East,Online
2431,2025-05-10,Sports,20.69,1,0,20.69,West,In-Store
2595,2025-05-10,Clothing,94.53,4,0,378.12,South,Online
2802,2025-05-10,Sports,101.2,1,0,101.2,South,In-Store
2962,2025-05-10,Electronics,450.16,2,20,720.26,West,In-Store
3038,2025-05-10,Sports,53.31,2,0,106.62,South,Online
5492,2025-05-10,Clothing,84.4,3,20,202.56,North,In-Store
5548,2025-05-10,Home & Kitchen,58.93,5,10,265.18,North,Online
5780,2025-05-10,Clothing,93.46,4,0,373.84,East,Online
1015,2025-05-11,Sports,118.84,3,0,356.52,North,In-Store
1333,2025-05-11,Sports,50.37,1,15,42.81,East,Online
1573,2025-05-11,Clothing,114.89,5,10,517.01,North,Online
1806,2025-05-11,Home & Kitchen,229.2,1,10,206.28,West,In-Store
2216,2025-05-11,Clothing,104.69,1,15,88.99,North,Online
2312,2025-05-11,Home & Kitchen,155.51,1,0,155.51,West,In-Store
4250,2025-05-11,Electronics,526.29,2,20,842.06,East,Online
4726,2025-05-11,Clothing,11.0,4,0,44.0,East,Online
4780,2025-05-11,Clothing,41.55,2,0,83.1,North,Online
4797,2025-05-11,Home & Kitchen,232.05,4,0,928.2,East,Online
4917,2025-05-11,Sports,117.19,1,10,105.47,North,In-Store
5070,2025-05-11,Clothing,35.18,5,0,175.9,South,Online
5421,2025-05-11,Home & Kitchen,63.3,1,0,63.3,West,Online
5672,2025-05-11,Electronics,580.49,5,0,2902.45,South,Online
5708,2025-05-11,Books,7.51,2,0,15.02,North,Online
1241,2025-05-12,Clothing,98.86,2,0,197.72,North,In-Store
1314,2025-05-12,Sports,178.95,3,0,536.85,South,Online
1372,2025-05-12,Clothing,24.49,4,20,78.37,South,In-Store
1447,2025-05-12,Books,29.85,5,0,149.25,South,Online
1771,2025-05-12,Clothing,45.29,1,0,45.29,East,In-Store
1933,2025-05-12,Clothing,85.24,4,0,340.96,North,Online
2101,2025-05-12,Clothing,87.97,5,0,439.85,South,In-Store
2227,2025-05-12,Sports,38.14,5,15,162.1,South,Online
2333,2025-05-12,Electronics,857.27,3,10,2314.63,West,Online
2527,2025-05-12,Clothing,107.26,1,0,107.26,West,Online
2912,2025-05-12,Books,18.13,2,0,36.26,South,In-Store
3036,2025-05-12,Home & Kitchen,119.09,2,0,238.18,East,In-Store
3647,2025-05-12,Books,32.12,1,0,32.12,West,Online
3752,2025-05-12,Electronics,596.77,4,0,2387.08,North,Online
4143,2025-05-12,Books,25.93,2,0,51.86,North,Online
4454,2025-05-12,Electronics,165.39,3,0,496.17,South,Online
5280,2025-05-12,Electronics,292.13,3,0,876.39,South,Online
5439,2025-05-12,Clothing,23.26,1,0,23.26,South,Online
5480,2025-05-12,Clothing,107.58,2,15,182.89,South,In-Store
5895,2025-05-12,Sports,179.28,3,0,537.84,North,Online
5916,2025-05-12,Books,33.0,5,10,148.5,East,Online
1246,2025-05-13,Home & Kitchen,153.44,4,5,583.07,West,Online
2318,2025-05-13,Clothing,70.7,4,0,282.8,West,Online
3962,2025-05-13,Sports,106.59,3,0,319.77,East,Online
4016,2025-05-13,Sports,154.04,5,5,731.69,West,In-Store
4264,2025-05-13,Books,17.68,4,0,70.72,South,In-Store
4493,2025-05-13,Clothing,81.18,4,5,308.48,South,Online
4672,2025-05-13,Electronics,726.53,3,0,2179.59,South,Online
4695,2025-05-13,Home & Kitchen,246.32,1,10,221.69,East,In-Store
4798,2025-05-13,Home & Kitchen,29.68,4,0,118.72,North,Online
4979,2025-05-13,Clothing,92.49,1,0,92.49,East,Online
5255,2025-05-13,Books,37.03,2,0,74.06,East,In-Store
2504,2025-05-14,Electronics,704.08,4,0,2816.32,West,In-Store
2567,2025-05-14,Home & Kitchen,23.27,5,0,116.35,South,Online
2629,2025-05-14,Books,5.01,4,0,20.04,West,In-Store
2682,2025-05-14,Books,25.2,2,10,45.36,North,In-Store
2921,2025-05-14,Books,23.11,3,0,69.33,North,In-Store
3107,2025-05-14,Clothing,105.8,5,0,529.0,South,In-Store
3131,2025-05-14,Clothing,110.62,5,10,497.79,North,Online
3352,2025-05-14,Electronics,346.6,3,0,1039.8,South,Online
4061,2025-05-14,Electronics,220.58,1,10,198.52,South,Online
4746,2025-05-14,Clothing,117.32,5,0,586.6,South,Online
5164,2025-05-14,Electronics,165.27,2,5,314.01,West,In-Store
2469,2025-05-15,Home & Kitchen,80.35,1,0,80.35,North,In-Store
2604,2025-05-15,Clothing,118.5,3,10,319.95,North,Online
2745,2025-05-15,Clothing,11.64,5,15,49.47,East,Online
3355,2025-05-15,Books,23.84,5,0,119.2,South,Online
3375,2025-05-15,Electronics,363.67,2,5,690.97,West,Online
3417,2025-05-15,Home & Kitchen,229.22,1,15,194.84,North,In-Store
3517,2025-05-15,Clothing,107.12,3,0,321.36,East,Online
3831,2025-05-15,Books,19.05,2,0,38.1,North,Online
4298,2025-05-15,Books,17.85,2,0,35.7,East,Online
4524,2025-05-15,Clothing,37.27,5,5,177.03,South,Online
4986,2025-05-15,Sports,168.87,2,0,337.74,North,Online
5469,2025-05-15,Books,8.97,4,0,35.88,West,Online
1127,2025-05-16,Electronics,321.94,4,0,1287.76,North,In-Store
1268,2025-05-16,Sports,186.53,5,0,932.65,East,Online
1542,2025-05-16,Books,18.63,1,0,18.63,West,In-Store
2253,2025-05-16,Sports,154.36,4,0,617.44,North,In-Store
2492,2025-05-16,Clothing,37.56,5,10,169.02,South,Online
2727,2025-05-16,Electronics,353.66,3,10,954.88,West,In-Store
3225,2025-05-16,Electronics,240.29,5,5,1141.38,East,In-Store
3295,2025-05-16,Home & Kitchen,95.98,1,0,95.98,North,Online
3668,2025-05-16,Books,13.21,3,5,37.65,West,In-Store
4102,2025-05-16,Books,22.5,2,10,40.5,West,In-Store
4195,2025-05-16,Home & Kitchen,32.27,2,5,61.31,South,In-Store
4271,2025-05-16,Electronics,460.86,3,0,1382.58,West,Online
4304,2025-05-16,Books,26.76,4,0,107.04,West,In-Store
4993,2025-05-16,Sports,189.91,3,20,455.78,West,Online
5533,2025-05-16,Home & Kitchen,154.76,4,5,588.09,South,Online
5562,2025-05-16,Sports,70.86,4,0,283.44,North,In-Store
1612,2025-05-17,Electronics,682.6,5,0,3413.0,North,In-Store
1801,2025-05-17,Home & Kitchen,45.64,2,5,86.72,West,Online
2000,2025-05-17,Clothing,118.8,4,0,475.2,South,In-Store
2534,2025-05-17,Clothing,51.35,2,15,87.3,East,In-Store
3126,2025-05-17,Electronics,655.46,5,0,3277.3,West,In-Store
3334,2025-05-17,Electronics,726.02,2,5,1379.44,North,In-Store
4019,2025-05-17,Clothing,102.77,1,0,102.77,West,In-Store
4181,2025-05-17,Electronics,338.44,2,5,643.04,West,Online
4459,2025-05-17,Books,25.52,1,0,25.52,West,Online
4646,2025-05-17,Clothing,23.5,5,0,117.5,North,In-Store
4864,2025-05-17,Books,20.88,4,0,83.52,West,Online
4897,2025-05-17,Home & Kitchen,50.81,5,10,228.64,North,Online
5832,2025-05-17,Clothing,113.21,5,0,566.05,South,In-Store
1095,2025-05-18,Books,22.22,4,20,71.1,West,Online
1287,2025-05-18,Clothing,30.87,5,10,138.92,North,Online
1298,2025-05-18,Electronics,211.63,4,5,804.19,North,Online
1891,2025-05-18,Home & Kitchen,74.91,3,0,224.73,North,In-Store
2223,2025-05-18,Electronics,558.14,5,0,2790.7,East,Online
2538,2025-05-18,Electronics,222.01,1,0,222.01,North,Online
3274,2025-05-18,Home & Kitchen,241.89,5,0,1209.45,West,In-Store
3408,2025-05-18,Home & Kitchen,46.08,5,0,230.4,South,Online
3779,2025-05-18,Clothing,87.38,3,0,262.14,South,Online
3920,2025-05-18,Home & Kitchen,188.25,3,0,564.75,South,Online
4074,2025-05-18,Electronics,210.61,2,0,421.22,West,In-Store
4196,2025-05-18,Electronics,703.47,4,0,2813.88,North,In-Store
4248,2025-05-18,Sports,30.24,1,0,30.24,West,Online
5540,2025-05-18,Home & Kitchen,27.01,1,0,27.01,South,Online
1483,2025-05-19,Clothing,63.01,1,0,63.01,West,In-Store
1541,2025-05-19,Electronics,440.87,2,0,881.74,East,Online
2118,2025-05-19,Electronics,876.02,5,0,4380.1,South,Online
3381,2025-05-19,Clothing,118.94,4,0,475.76,North,Online
3468,2025-05-19,Sports,152.68,3,0,458.04,West,Online
4106,2025-05-19,Home & Kitchen,147.13,2,10,264.83,East,Online
4346,2025-05-19,Clothing,32.06,2,0,64.12,West,In-Store
4618,2025-05-19,Home & Kitchen,155.67,1,5,147.89,South,Online
4700,2025-05-19,Electronics,637.87,4,10,2296.33,West,Online
4923,2025-05-19,Clothing,24.8,1,0,24.8,South,Online
4972,2025-05-19,Electronics,338.94,5,10,1525.23,North,Online
5512,2025-05-19,Clothing,79.26,2,5,150.59,West,In-Store
1114,2025-05-20,Electronics,607.97,5,0,3039.85,South,Online
1790,2025-05-20,Sports,151.8,4,0,607.2,North,Online
2150,2025-05-20,Books,39.89,5,5,189.48,East,In-Store
2415,2025-05-20,Clothing,94.48,2,0,188.96,West,Online
3165,2025-05-20,Books,20.13,2,0,40.26,West,In-Store
4011,2025-05-20,Electronics,445.59,5,0,2227.95,North,Online
4081,2025-05-20,Books,6.09,3,0,18.27,East,Online
5123,2025-05-20,Electronics,558.59,3,5,1591.98,North,In-Store
1249,2025-05-21,Home & Kitchen,43.33,5,0,216.65,West,Online
1657,2025-05-21,Electronics,882.02,4,0,3528.08,South,Online
1894,2025-05-21,Home & Kitchen,178.06,1,20,142.45,East,Online
2008,2025-05-21,Books,7.16,1,0,7.16,North,In-Store
2570,2025-05-21,Books,23.2,5,5,110.2,South,Online
3184,2025-05-21,Clothing,30.37,3,0,91.11,West,Online
4382,2025-05-21,Clothing,117.89,3,0,353.67,East,In-Store
4480,2025-05-21,Sports,65.99,3,0,197.97,North,In-Store
4558,2025-05-21,Books,23.31,4,0,93.24,North,Online
4745,2025-05-21,Sports,173.74,5,5,825.26,South,Online
5177,2025-05-21,Clothing,65.02,2,5,123.54,North,Online
5567,2025-05-21,Clothing,97.3,2,5,184.87,South,In-Store
1045,2025-05-22,Books,16.83,4,0,67.32,South,Online
2129,2025-05-22,Books,21.91,5,0,109.55,West,In-Store
2221,2025-05-22,Books,24.51,1,0,24.51,West,In-Store
2298,2025-05-22,Sports,74.97,4,0,299.88,West,Online
2587,2025-05-22,Electronics,151.97,1,0,151.97,South,Online
2893,2025-05-22,Electronics,738.33,5,0,3691.65,North,In-Store
3506,2025-05-22,Books,5.78,2,0,11.56,East,Online
4895,2025-05-22,Electronics,442.73,4,5,1682.37,East,Online
4925,2025-05-22,Electronics,834.98,2,0,1669.96,South,Online
5259,2025-05-22,Electronics,300.05,3,10,810.14,West,Online
5454,2025-05-22,Books,7.15,4,0,28.6,West,Online
5502,2025-05-22,Books,22.62,4,0,90.48,East,Online
5838,2025-05-22,Home & Kitchen,103.79,4,0,415.16,North,In-Store
1122,2025-05-23,Clothing,49.09,2,0,98.18,South,Online
1243,2025-05-23,Clothing,52.74,1,0,52.74,North,Online
1273,2025-05-23,Books,34.8,2,0,69.6,West,In-Store
1340,2025-05-23,Electronics,808.37,4,15,2748.46,West,Online
2041,2025-05-23,Electronics,527.79,4,0,2111.16,South,In-Store
3004,2025-05-23,Sports,134.46,4,0,537.84,East,Online
3122,2025-05-23,Electronics,784.98,5,0,3924.9,West,In-Store
3436,2025-05-23,Electronics,652.33,4,5,2478.85,North,Online
3622,2025-05-23,Books,10.31,4,5,39.18,East,In-Store
3856,2025-05-23,Electronics,227.11,5,0,1135.55,East,Online
3875,2025-05-23,Home & Kitchen,81.02,4,0,324.08,East,Online
3953,2025-05-23,Home & Kitchen,184.76,1,0,184.76,East,Online
4140,2025-05-23,Sports,37.54,5,0,187.7,East,Online
4903,2025-05-23,Books,11.29,3,5,32.18,East,Online
4962,2025-05-23,Clothing,28.59,2,5,54.32,South,In-Store
5690,2025-05-23,Home & Kitchen,117.89,1,0,117.89,West,Online
1027,2025-05-24,Sports,74.34,5,5,353.12,East,Online
2591,2025-05-24,Electronics,253.78,3,5,723.27,East,Online
3198,2025-05-24,Electronics,375.27,3,0,1125.81,North,In-Store
5350,2025-05-24,Books,17.59,4,5,66.84,West,Online
5472,2025-05-24,Electronics,515.28,5,5,2447.58,South,Online
5604,2025-05-24,Clothing,14.32,3,20,34.37,West,In-Store
5732,2025-05-24,Electronics,280.69,2,10,505.24,South,Online
1405,2025-05-25,Sports,182.78,3,0,548.34,North,Online
1585,2025-05-25,Home & Kitchen,246.37,2,0,492.74,North,In-Store
3160,2025-05-25,Clothing,117.26,1,0,117.26,North,Online
3260,2025-05-25,Home & Kitchen,25.87,5,0,129.35,South,Online
3546,2025-05-25,Electronics,606.6,2,0,1213.2,East,Online
3611,2025-05-25,Clothing,105.72,1,0,105.72,North,Online
3756,2025-05-25,Sports,67.66,1,20,54.13,South,In-Store
4623,2025-05-25,Electronics,522.14,2,0,1044.28,West,Online
4859,2025-05-25,Electronics,305.47,1,0,305.47,West,Online
5659,2025-05-25,Books,32.9,5,0,164.5,South,Online
5714,2025-05-25,Home & Kitchen,149.76,2,20,239.62,West,In-Store
1260,2025-05-26,Home & Kitchen,118.49,1,0,118.49,North,Online
1778,2025-05-26,Books,5.35,2,20,8.56,South,Online
2009,2025-05-26,Electronics,619.38,1,10,557.44,East,Online
2084,2025-05-26,Books,7.43,1,0,7.43,West,Online
2288,2025-05-26,Books,15.42,2,5,29.3,West,In-Store
2512,2025-05-26,Home & Kitchen,63.44,5,10,285.48,North,Online
2524,2025-05-26,Clothing,64.88,5,0,324.4,South,Online
2562,2025-05-26,Home & Kitchen,234.48,5,0,1172.4,North,Online
2799,2025-05-26,Home & Kitchen,137.92,5,0,689.6,South,In-Store
3064,2025-05-26,Electronics,701.99,5,5,3334.45,East,Online
3124,2025-05-26,Books,28.64,2,0,57.28,East,Online
3250,2025-05-26,Home & Kitchen,80.33,1,0,80.33,North,In-Store
3418,2025-05-26,Electronics,178.42,5,20,713.68,West,In-Store
3812,2025-05-26,Home & Kitchen,107.74,3,0,323.22,South,Online
4073,2025-05-26,Clothing,107.91,2,0,215.82,West,In-Store
5178,2025-05-26,Electronics,286.77,2,15,487.51,West,Online
5242,2025-05-26,Sports,137.88,4,10,496.37,East,In-Store
5815,2025-05-26,Electronics,668.29,5,5,3174.38,North,Online
1726,2025-05-27,Books,13.42,5,0,67.1,West,Online
2153,2025-05-27,Clothing,63.95,2,0,127.9,West,In-Store
2301,2025-05-27,Electronics,602.26,3,5,1716.44,South,Online
3007,2025-05-27,Books,12.2,3,0,36.6,West,Online
4306,2025-05-27,Home & Kitchen,197.92,4,15,672.93,South,Online
4322,2025-05-27,Sports,81.21,3,5,231.45,South,Online
4764,2025-05-27,Home & Kitchen,70.89,2,5,134.69,South,In-Store
1424,2025-05-28,Clothing,36.61,4,10,131.8,South,In-Store
3021,2025-05-28,Clothing,69.52,3,5,198.13,East,Online
3059,2025-05-28,Sports,92.64,4,0,370.56,South,Online
3631,2025-05-28,Clothing,75.37,5,0,376.85,East,Online
3727,2025-05-28,Sports,83.33,1,0,83.33,South,Online
3871,2025-05-28,Clothing,77.88,5,5,369.93,South,Online
4202,2025-05-28,Home & Kitchen,96.67,5,10,435.02,West,Online
4735,2025-05-28,Electronics,367.88,2,5,698.97,West,Online
5850,2025-05-28,Sports,75.16,2,0,150.32,West,Online
1134,2025-05-29,Home & Kitchen,191.18,2,0,382.36,West,In-Store
1305,2025-05-29,Books,31.19,4,0,124.76,West,Online
1471,2025-05-29,Clothing,93.47,3,10,252.37,North,Online
1820,2025-05-29,Sports,145.3,2,0,290.6,West,In-Store
2307,2025-05-29,Home & Kitchen,92.41,1,0,92.41,South,Online
2521,2025-05-29,Sports,108.46,5,0,542.3,South,Online
2612,2025-05-29,Electronics,570.4,5,10,2566.8,East,Online
2822,2025-05-29,Electronics,704.64,2,0,1409.28,East,In-Store
2945,2025-05-29,Sports,178.52,2,10,321.34,South,In-Store
3305,2025-05-29,Electronics,556.53,1,0,556.53,South,Online
3890,2025-05-29,Clothing,19.39,3,0,58.17,North,In-Store
4205,2025-05-29,Home & Kitchen,226.16,5,0,1130.8,West,In-Store
4315,2025-05-29,Home & Kitchen,211.96,4,0,847.84,North,In-Store
4481,2025-05-29,Clothing,99.6,1,0,99.6,West,Online
4881,2025-05-29,Home & Kitchen,37.03,5,10,166.64,East,Online
5039,2025-05-29,Books,14.52,5,0,72.6,South,Online
5043,2025-05-29,Electronics,828.71,1,0,828.71,South,Online
5079,2025-05-29,Clothing,102.9,1,5,97.76,South,In-Store
5326,2025-05-29,Clothing,75.55,3,0,226.65,West,In-Store
5365,2025-05-29,Electronics,612.43,4,0,2449.72,South,In-Store
5651,2025-05-29,Electronics,203.64,5,5,967.29,West,Online
5784,2025-05-29,Sports,22.9,4,0,91.6,South,Online
5800,2025-05-29,Clothing,49.35,3,5,140.65,East,Online
1109,2025-05-30,Electronics,424.02,4,0,1696.08,South,Online
1258,2025-05-30,Electronics,631.48,4,0,2525.92,East,Online
1520,2025-05-30,Sports,125.79,5,0,628.95,West,Online
2331,2025-05-30,Home & Kitchen,221.34,5,0,1106.7,South,Online
2566,2025-05-30,Sports,44.18,2,0,88.36,East,Online
2844,2025-05-30,Books,21.63,5,0,108.15,East,In-Store
3331,2025-05-30,Sports,166.94,1,0,166.94,North,In-Store
3720,2025-05-30,Clothing,64.82,1,0,64.82,South,In-Store
3990,2025-05-30,Clothing,48.79,2,0,97.58,North,Online
4289,2025-05-30,Books,18.72,5,0,93.6,East,Online
4345,2025-05-30,Electronics,300.16,4,0,1200.64,South,In-Store
4557,2025-05-30,Home & Kitchen,158.05,5,0,790.25,West,Online
4880,2025-05-30,Electronics,376.29,5,0,1881.45,East,Online
4964,2025-05-30,Home & Kitchen,136.43,2,0,272.86,North,Online
5137,2025-05-30,Sports,66.84,4,0,267.36,East,Online
5797,2025-05-30,Clothing,110.36,4,0,441.44,South,Online
1097,2025-05-31,Electronics,263.93,4,0,1055.72,West,In-Store
1493,2025-05-31,Home & Kitchen,207.77,1,0,207.77,North,Online
1749,2025-05-31,Home & Kitchen,106.01,5,0,530.05,East,Online
1991,2025-05-31,Home & Kitchen,32.75,2,0,65.5,North,Online
2801,2025-05-31,Sports,22.77,4,0,91.08,North,Online
2877,2025-05-31,Books,32.96,3,20,79.1,South,Online
2990,2025-05-31,Books,11.61,1,0,11.61,South,Online
3447,2025-05-31,Clothing,68.67,3,0,206.01,West,In-Store
3626,2025-05-31,Clothing,45.72,3,10,123.44,West,In-Store
3665,2025-05-31,Electronics,811.96,2,0,1623.92,West,In-Store
4624,2025-05-31,Books,10.94,5,0,54.7,South,Online
5020,2025-05-31,Home & Kitchen,215.5,5,0,1077.5,North,Online
5592,2025-05-31,Home & Kitchen,213.6,4,10,768.96,North,Online
1058,2025-06-01,Clothing,73.07,1,10,65.76,North,In-Store
1256,2025-06-01,Sports,93.39,2,0,186.78,North,Online
1757,2025-06-01,Electronics,332.68,2,10,598.82,West,In-Store
2030,2025-06-01,Home & Kitchen,24.07,3,0,72.21,East,In-Store
2155,2025-06-01,Clothing,47.16,2,0,94.32,South,Online
2158,2025-06-01,Clothing,67.66,2,0,135.32,North,In-Store
3938,2025-06-01,Clothing,24.91,4,0,99.64,East,Online
4109,2025-06-01,Electronics,322.55,3,0,967.65,West,Online
4545,2025-06-01,Books,17.13,5,20,68.52,South,Online
4943,2025-06-01,Home & Kitchen,105.43,3,10,284.66,North,In-Store
5782,2025-06-01,Sports,143.1,3,5,407.83,East,In-Store
5978,2025-06-01,Books,6.85,4,10,24.66,West,Online
1525,2025-06-02,Sports,54.97,5,0,274.85,West,Online
1739,2025-06-02,Electronics,796.25,3,0,2388.75,South,In-Store
2070,2025-06-02,Clothing,83.92,2,0,167.84,South,Online
2922,2025-06-02,Clothing,38.27,4,0,153.08,East,Online
3561,2025-06-02,Home & Kitchen,218.82,3,5,623.64,East,Online
3889,2025-06-02,Clothing,99.16,5,0,495.8,North,In-Store
4170,2025-06-02,Sports,166.52,1,0,166.52,West,Online
4505,2025-06-02,Home & Kitchen,143.63,3,5,409.35,South,In-Store
5407,2025-06-02,Sports,97.84,5,15,415.82,North,In-Store
5524,2025-06-02,Home & Kitchen,247.12,3,0,741.36,North,Online
5722,2025-06-02,Clothing,108.02,2,0,216.04,North,In-Store
1053,2025-06-03,Home & Kitchen,194.3,1,0,194.3,North,Online
1153,2025-06-03,Clothing,28.88,5,0,144.4,East,In-Store
1332,2025-06-03,Home & Kitchen,79.84,1,0,79.84,North,In-Store
1744,2025-06-03,Books,5.7,3,0,17.1,North,In-Store
2074,2025-06-03,Clothing,10.65,4,5,40.47,North,Online
2119,2025-06-03,Clothing,46.41,2,0,92.82,East,Online
2350,2025-06-03,Electronics,285.5,1,0,285.5,West,In-Store
2495,2025-06-03,Clothing,97.26,3,0,291.78,South,In-Store
2545,2025-06-03,Electronics,263.19,1,0,263.19,West,In-Store
2696,2025-06-03,Sports,24.18,3,0,72.54,West,In-Store
2714,2025-06-03,Electronics,169.18,1,5,160.72,West,Online
3055,2025-06-03,Clothing,64.47,4,0,257.88,North,Online
3716,2025-06-03,Clothing,38.03,5,0,190.15,North,Online
3733,2025-06-03,Sports,151.08,5,0,755.4,South,Online
3809,2025-06-03,Clothing,34.36,4,0,137.44,East,Online
4394,2025-06-03,Clothing,22.71,5,0,113.55,West,Online
4863,2025-06-03,Sports,82.61,4,0,330.44,East,Online
5313,2025-06-03,Sports,45.62,4,0,182.48,South,Online
5975,2025-06-03,Sports,124.11,4,15,421.97,West,In-Store
5989,2025-06-03,Sports,17.12,1,20,13.7,South,Online
1576,2025-06-04,Sports,68.01,1,0,68.01,East,Online
2667,2025-06-04,Electronics,325.65,3,0,976.95,East,Online
2675,2025-06-04,Books,5.7,2,0,11.4,North,Online
2896,2025-06-04,Clothing,113.15,3,15,288.53,South,Online
2904,2025-06-04,Home & Kitchen,88.72,4,0,354.88,East,In-Store
3094,2025-06-04,Electronics,353.04,2,0,706.08,North,Online
3936,2025-06-04,Electronics,261.67,1,0,261.67,East,Online
3945,2025-06-04,Sports,192.06,3,0,576.18,East,In-Store
4617,2025-06-04,Clothing,111.13,3,0,333.39,West,Online
4681,2025-06-04,Electronics,729.24,2,0,1458.48,East,Online
4911,2025-06-04,Electronics,155.55,3,0,466.65,East,Online
5721,2025-06-04,Home & Kitchen,74.07,2,0,148.14,South,Online
1138,2025-06-05,Electronics,536.38,1,0,536.38,West,Online
1905,2025-06-05,Clothing,83.36,3,10,225.07,North,Online
2123,2025-06-05,Home & Kitchen,118.33,5,10,532.48,West,Online
2558,2025-06-05,Electronics,418.11,2,0,836.22,East,In-Store
2712,2025-06-05,Clothing,115.44,1,0,115.44,East,In-Store
2981,2025-06-05,Clothing,21.28,3,20,51.07,North,Online
3050,2025-06-05,Clothing,108.99,5,0,544.95,North,Online
3777,2025-06-05,Home & Kitchen,59.9,5,0,299.5,South,Online
4519,2025-06-05,Books,25.57,2,10,46.03,East,Online
5182,2025-06-05,Books,27.46,3,0,82.38,West,In-Store
5497,2025-06-05,Home & Kitchen,95.91,2,0,191.82,East,Online
5516,2025-06-05,Sports,169.98,2,0,339.96,West,In-Store
5685,2025-06-05,Clothing,57.66,1,0,57.66,North,Online
1199,2025-06-06,Home & Kitchen,213.19,4,10,767.48,South,Online
2559,2025-06-06,Sports,92.4,3,5,263.34,East,Online
2607,2025-06-06,Sports,103.01,4,5,391.44,North,In-Store
2956,2025-06-06,Sports,137.76,4,0,551.04,East,Online
3595,2025-06-06,Home & Kitchen,133.51,2,0,267.02,East,Online
4142,2025-06-06,Sports,192.96,4,0,771.84,West,Online
4214,2025-06-06,Electronics,435.5,4,0,1742.0,South,Online
4586,2025-06-06,Home & Kitchen,38.34,2,5,72.85,South,Online
4976,2025-06-06,Electronics,267.09,2,0,534.18,East,Online
5616,2025-06-06,Clothing,33.51,3,0,100.53,North,Online
5644,2025-06-06,Sports,139.16,5,0,695.8,South,Online
5859,2025-06-06,Books,27.49,1,0,27.49,East,Online
1349,2025-06-07,Clothing,28.26,2,0,56.52,East,In-Store
1784,2025-06-07,Electronics,373.24,1,0,373.24,South,Online
2191,2025-06-07,Books,37.47,1,0,37.47,East,Online
2616,2025-06-07,Home & Kitchen,150.12,5,5,713.07,West,Online
3045,2025-06-07,Electronics,585.13,5,0,2925.65,West,In-Store
3155,2025-06-07,Clothing,109.48,4,10,394.13,South,Online
3242,2025-06-07,Electronics,642.61,5,5,3052.4,East,In-Store
3384,2025-06-07,Electronics,376.75,1,0,376.75,West,Online
3435,2025-06-07,Clothing,22.62,2,15,38.45,East,Online
3806,2025-06-07,Clothing,26.8,2,10,48.24,South,In-Store
4046,2025-06-07,Sports,69.52,5,0,347.6,South,Online
5945,2025-06-07,Electronics,706.67,1,0,706.67,East,Online
1252,2025-06-08,Sports,34.77,2,20,55.63,North,Online
1637,2025-06-08,Books,12.72,4,0,50.88,East,Online
1661,2025-06-08,Clothing,73.56,5,0,367.8,East,Online
1672,2025-06-08,Sports,88.61,4,0,354.44,North,Online
1922,2025-06-08,Sports,75.45,1,0,75.45,North,Online
2122,2025-06-08,Electronics,549.27,5,0,2746.35,North,Online
2351,2025-06-08,Clothing,109.17,4,5,414.85,East,Online
2636,2025-06-08,Home & Kitchen,236.05,3,5,672.74,West,Online
3179,2025-06-08,Electronics,657.18,5,0,3285.9,East,In-Store
3392,2025-06-08,Home & Kitchen,238.66,1,10,214.79,South,Online
3972,2025-06-08,Electronics,698.0,3,0,2094.0,South,Online
4263,2025-06-08,Electronics,360.61,2,0,721.22,East,Online
4785,2025-06-08,Clothing,95.92,5,0,479.6,South,Online
5556,2025-06-08,Home & Kitchen,131.94,4,0,527.76,North,In-Store
5573,2025-06-08,Clothing,56.81,1,0,56.81,East,Online
5661,2025-06-08,Sports,90.79,3,0,272.37,West,Online
5871,2025-06-08,Home & Kitchen,60.65,4,0,242.6,East,Online
1446,2025-06-09,Books,32.41,1,0,32.41,West,Online
2213,2025-06-09,Sports,51.3,5,0,256.5,West,Online
2282,2025-06-09,Electronics,760.21,5,0,3801.05,East,In-Store
2493,2025-06-09,Home & Kitchen,241.21,2,5,458.3,West,Online
2806,2025-06-09,Electronics,167.31,5,10,752.9,West,In-Store
3281,2025-06-09,Sports,193.33,3,0,579.99,South,In-Store
3406,2025-06-09,Books,25.07,1,10,22.56,East,Online
3543,2025-06-09,Electronics,821.47,3,20,1971.53,East,In-Store
3562,2025-06-09,Clothing,75.71,3,0,227.13,West,Online
3916,2025-06-09,Home & Kitchen,101.82,1,0,101.82,East,In-Store
3984,2025-06-09,Clothing,66.57,2,0,133.14,West,Online
4166,2025-06-09,Electronics,730.3,5,5,3468.92,East,Online
4321,2025-06-09,Home & Kitchen,86.87,1,10,78.18,North,Online
4720,2025-06-09,Clothing,18.3,5,5,86.92,South,Online
5312,2025-06-09,Clothing,53.68,1,0,53.68,West,In-Store
1334,2025-06-10,Electronics,318.99,2,0,637.98,North,In-Store
1978,2025-06-10,Home & Kitchen,111.92,3,0,335.76,West,Online
2100,2025-06-10,Books,21.59,4,0,86.36,South,Online
2222,2025-06-10,Sports,22.1,1,0,22.1,West,Online
2456,2025-06-10,Electronics,857.52,1,5,814.64,South,In-Store
3246,2025-06-10,Clothing,16.14,1,0,16.14,North,In-Store
4276,2025-06-10,Sports,70.62,1,5,67.09,North,Online
4650,2025-06-10,Clothing,39.67,4,15,134.88,West,Online
5050,2025-06-10,Electronics,802.34,3,0,2407.02,North,Online
5071,2025-06-10,Electronics,402.76,3,10,1087.45,West,Online
5424,2025-06-10,Clothing,15.75,5,0,78.75,West,In-Store
5961,2025-06-10,Electronics,672.97,1,20,538.38,North,In-Store
1429,2025-06-11,Home & Kitchen,201.45,3,0,604.35,North,Online
1615,2025-06-11,Books,17.49,4,0,69.96,East,Online
1882,2025-06-11,Home & Kitchen,41.26,3,5,117.59,East,Online
1888,2025-06-11,Electronics,597.11,2,10,1074.8,East,Online
1952,2025-06-11,Clothing,17.78,3,0,53.34,North,Online
2105,2025-06-11,Books,15.04,1,0,15.04,North,Online
2489,2025-06-11,Clothing,97.12,3,0,291.36,East,In-Store
2705,2025-06-11,Clothing,90.68,3,0,272.04,East,Online
3290,2025-06-11,Sports,66.05,5,0,330.25,East,Online
3885,2025-06-11,Electronics,184.47,4,0,737.88,West,Online
3925,2025-06-11,Home & Kitchen,111.47,1,0,111.47,South,In-Store
4198,2025-06-11,Books,34.09,1,0,34.09,East,In-Store
4330,2025-06-11,Books,17.6,4,0,70.4,South,Online
4563,2025-06-11,Books,5.2,1,5,4.94,East,Online
4971,2025-06-11,Home & Kitchen,25.63,5,0,128.15,East,In-Store
5529,2025-06-11,Home & Kitchen,186.48,1,0,186.48,East,Online
5953,2025-06-11,Home & Kitchen,172.3,2,0,344.6,South,In-Store
1467,2025-06-12,Electronics,483.27,2,20,773.23,South,Online
1633,2025-06-12,Home & Kitchen,211.74,5,0,1058.7,North,Online
1685,2025-06-12,Clothing,23.15,4,10,83.34,North,Online
2126,2025-06-12,Clothing,60.66,3,0,181.98,North,In-Store
2168,2025-06-12,Clothing,108.03,5,5,513.14,North,Online
2652,2025-06-12,Home & Kitchen,58.55,1,5,55.62,North,Online
3387,2025-06-12,Home & Kitchen,104.95,4,0,419.8,East,Online
4499,2025-06-12,Electronics,579.07,1,0,579.07,West,In-Store
4892,2025-06-12,Electronics,382.3,1,0,382.3,West,Online
5368,2025-06-12,Books,23.12,3,5,65.89,West,Online
5486,2025-06-12,Home & Kitchen,169.53,3,0,508.59,West,In-Store
1277,2025-06-13,Clothing,25.31,5,0,126.55,West,Online
1344,2025-06-13,Home & Kitchen,91.84,1,10,82.66,East,Online
2285,2025-06-13,Electronics,634.32,4,0,2537.28,West,Online
2586,2025-06-13,Electronics,450.63,1,5,428.1,East,Online
3317,2025-06-13,Clothing,116.65,5,0,583.25,West,Online
3483,2025-06-13,Home & Kitchen,202.98,5,0,1014.9,East,Online
3598,2025-06-13,Clothing,63.91,5,0,319.55,West,Online
3860,2025-06-13,Home & Kitchen,138.45,1,0,138.45,South,Online
5016,2025-06-13,Home & Kitchen,55.12,3,0,165.36,West,Online
5298,2025-06-13,Home & Kitchen,109.73,2,0,219.46,South,In-Store
5970,2025-06-13,Clothing,93.59,5,5,444.55,West,Online
1072,2025-06-14,Electronics,585.98,5,0,2929.9,North,In-Store
1088,2025-06-14,Sports,84.9,5,0,424.5,South,Online
1655,2025-06-14,Sports,43.47,4,0,173.88,North,Online
2343,2025-06-14,Books,30.61,4,0,122.44,South,Online
2435,2025-06-14,Electronics,448.92,1,0,448.92,East,Online
2631,2025-06-14,Sports,101.97,2,0,203.94,North,Online
3240,2025-06-14,Sports,49.81,1,0,49.81,West,In-Store
4001,2025-06-14,Books,16.2,2,0,32.4,South,In-Store
4216,2025-06-14,Clothing,32.32,1,0,32.32,North,In-Store
4478,2025-06-14,Clothing,96.81,5,0,484.05,West,In-Store
5624,2025-06-14,Home & Kitchen,131.36,5,10,591.12,West,Online
5729,2025-06-14,Clothing,10.34,4,0,41.36,East,Online
5969,2025-06-14,Electronics,162.66,2,0,325.32,West,Online
1094,2025-06-15,Clothing,110.15,2,5,209.28,East,In-Store
1568,2025-06-15,Clothing,15.87,3,5,45.23,North,In-Store
1903,2025-06-15,Electronics,799.64,3,0,2398.92,East,Online
2048,2025-06-15,Home & Kitchen,88.83,4,0,355.32,South,Online
2621,2025-06-15,Sports,102.23,2,15,173.79,South,Online
3289,2025-06-15,Home & Kitchen,43.92,3,0,131.76,East,In-Store
3522,2025-06-15,Clothing,60.33,1,0,60.33,South,Online
3782,2025-06-15,Electronics,680.67,4,0,2722.68,East,Online
3887,2025-06-15,Home & Kitchen,29.91,2,0,59.82,East,In-Store
4916,2025-06-15,Home & Kitchen,36.48,1,0,36.48,East,Online
5766,2025-06-15,Books,14.6,5,0,73.0,West,Online
1486,2025-06-16,Books,17.06,2,0,34.12,East,Online
1827,2025-06-16,Books,18.57,1,10,16.71,North,In-Store
2740,2025-06-16,Sports,171.22,4,0,684.88,North,Online
3065,2025-06-16,Clothing,82.05,5,10,369.22,South,Online
4050,2025-06-16,Electronics,857.53,4,0,3430.12,South,Online
4232,2025-06-16,Books,5.86,5,0,29.3,North,In-Store
4235,2025-06-16,Sports,45.99,4,0,183.96,North,Online
4592,2025-06-16,Clothing,72.34,1,5,68.72,East,Online
4594,2025-06-16,Home & Kitchen,74.14,4,0,296.56,South,Online
5051,2025-06-16,Sports,90.35,1,5,85.83,East,Online
5798,2025-06-16,Clothing,81.97,2,20,131.15,East,Online
5912,2025-06-16,Home & Kitchen,236.01,2,5,448.42,North,Online
1341,2025-06-17,Books,32.02,2,0,64.04,North,Online
1491,2025-06-17,Electronics,528.6,3,0,1585.8,West,In-Store
1519,2025-06-17,Home & Kitchen,169.34,5,10,762.03,East,Online
2148,2025-06-17,Home & Kitchen,37.55,4,0,150.2,South,Online
2692,2025-06-17,Clothing,44.91,5,5,213.32,South,In-Store
4667,2025-06-17,Clothing,32.22,2,0,64.44,West,Online
4765,2025-06-17,Books,29.0,2,5,55.1,West,In-Store
4772,2025-06-17,Electronics,814.59,4,0,3258.36,South,Online
4856,2025-06-17,Electronics,604.09,2,0,1208.18,North,In-Store
5332,2025-06-17,Electronics,322.44,4,0,1289.76,South,Online
5387,2025-06-17,Electronics,895.58,5,20,3582.32,North,In-Store
5572,2025-06-17,Clothing,66.89,1,0,66.89,North,Online
5737,2025-06-17,Clothing,43.77,1,5,41.58,West,Online
5745,2025-06-17,Electronics,676.32,5,10,3043.44,East,Online
5855,2025-06-17,Books,37.22,3,15,94.91,West,In-Store
1699,2025-06-18,Electronics,346.85,5,0,1734.25,South,Online
2178,2025-06-18,Home & Kitchen,132.86,3,15,338.79,East,Online
2447,2025-06-18,Clothing,103.9,5,0,519.5,North,Online
2695,2025-06-18,Electronics,248.41,3,0,745.23,East,Online
2701,2025-06-18,Sports,160.26,5,15,681.1,North,Online
2756,2025-06-18,Clothing,38.76,2,5,73.64,West,Online
2769,2025-06-18,Books,34.81,5,0,174.05,East,Online
3547,2025-06-18,Electronics,368.31,4,5,1399.58,North,In-Store
3866,2025-06-18,Home & Kitchen,127.68,1,10,114.91,South,In-Store
3961,2025-06-18,Electronics,884.94,4,20,2831.81,West,In-Store
4274,2025-06-18,Electronics,649.23,2,0,1298.46,North,Online
4436,2025-06-18,Clothing,43.99,2,0,87.98,West,Online
4444,2025-06-18,Electronics,620.9,2,0,1241.8,North,In-Store
4515,2025-06-18,Clothing,63.05,1,0,63.05,West,Online
4980,2025-06-18,Books,29.59,4,0,118.36,South,Online
5513,2025-06-18,Home & Kitchen,166.33,4,0,665.32,West,In-Store
5601,2025-06-18,Clothing,30.45,5,0,152.25,East,Online
1047,2025-06-19,Sports,81.64,4,5,310.23,North,Online
1734,2025-06-19,Clothing,14.76,3,5,42.07,South,Online
2359,2025-06-19,Books,27.4,2,15,46.58,South,In-Store
3128,2025-06-19,Clothing,26.56,5,0,132.8,East,Online
3359,2025-06-19,Home & Kitchen,112.03,2,0,224.06,West,In-Store
4071,2025-06-19,Home & Kitchen,208.22,1,0,208.22,West,In-Store
4158,2025-06-19,Sports,47.77,2,20,76.43,West,Online
4199,2025-06-19,Books,35.16,2,0,70.32,North,In-Store
4598,2025-06-19,Clothing,67.28,1,0,67.28,East,In-Store
4948,2025-06-19,Home & Kitchen,142.4,3,0,427.2,East,Online
5000,2025-06-19,Sports,151.47,1,0,151.47,East,In-Store
5286,2025-06-19,Home & Kitchen,95.29,4,5,362.1,South,Online
5369,2025-06-19,Clothing,56.35,3,0,169.05,North,In-Store
5547,2025-06-19,Sports,39.54,5,0,197.7,West,Online
1639,2025-06-20,Books,28.03,2,0,56.06,North,Online
2697,2025-06-20,Books,11.8,5,0,59.0,North,Online
2713,2025-06-20,Electronics,604.89,2,0,1209.78,West,In-Store
3087,2025-06-20,Home & Kitchen,106.21,2,0,212.42,North,Online
3566,2025-06-20,Clothing,18.59,1,10,16.73,East,Online
4037,2025-06-20,Sports,36.04,5,0,180.2,West,In-Store
4135,2025-06-20,Home & Kitchen,227.76,2,5,432.74,West,In-Store
4890,2025-06-20,Clothing,100.69,1,10,90.62,South,In-Store
5018,2025-06-20,Sports,174.41,5,10,784.84,South,Online
1025,2025-06-21,Home & Kitchen,147.17,4,0,588.68,East,In-Store
2274,2025-06-21,Electronics,858.56,3,0,2575.68,South,In-Store
2930,2025-06-21,Electronics,330.4,2,0,660.8,North,Online
2940,2025-06-21,Electronics,503.48,3,0,1510.44,North,Online
3627,2025-06-21,Home & Kitchen,147.11,1,0,147.11,East,In-Store
4303,2025-06-21,Sports,67.23,2,0,134.46,East,Online
4648,2025-06-21,Sports,132.43,4,0,529.72,South,Online
5293,2025-06-21,Electronics,234.12,5,0,1170.6,South,In-Store
5477,2025-06-21,Sports,156.11,1,0,156.11,North,Online
1089,2025-06-22,Clothing,35.15,1,0,35.15,West,Online
1113,2025-06-22,Sports,49.6,4,5,188.48,East,Online
1279,2025-06-22,Clothing,116.24,4,10,418.46,North,In-Store
1648,2025-06-22,Home & Kitchen,80.84,2,15,137.43,West,Online
2229,2025-06-22,Electronics,234.64,2,0,469.28,South,Online
2249,2025-06-22,Clothing,45.81,3,0,137.43,North,In-Store
2364,2025-06-22,Electronics,500.82,5,10,2253.69,North,In-Store
3515,2025-06-22,Clothing,33.81,3,5,96.36,North,Online
3763,2025-06-22,Home & Kitchen,176.91,5,0,884.55,North,In-Store
3861,2025-06-22,Electronics,355.52,2,0,711.04,West,Online
4114,2025-06-22,Books,38.31,5,5,181.97,East,Online
4183,2025-06-22,Home & Kitchen,42.56,2,0,85.12,East,Online
4715,2025-06-22,Electronics,686.6,3,0,2059.8,East,In-Store
5029,2025-06-22,Books,18.45,3,0,55.35,North,Online
5457,2025-06-22,Clothing,89.95,2,10,161.91,North,In-Store
5608,2025-06-22,Home & Kitchen,73.75,4,20,236.0,West,In-Store
1071,2025-06-23,Sports,28.46,2,0,56.92,East,In-Store
4080,2025-06-23,Books,24.73,1,5,23.49,North,In-Store
4808,2025-06-23,Clothing,91.56,2,5,173.96,East,Online
5677,2025-06-23,Books,33.63,2,0,67.26,East,Online
1488,2025-06-24,Home & Kitchen,146.34,1,0,146.34,East,Online
1534,2025-06-24,Sports,52.68,2,0,105.36,East,Online
3044,2025-06-24,Electronics,398.15,5,0,1990.75,North,Online
3190,2025-06-24,Home & Kitchen,188.02,3,0,564.06,West,In-Store
3344,2025-06-24,Home & Kitchen,100.94,1,0,100.94,East,In-Store
3499,2025-06-24,Sports,73.91,4,10,266.08,North,In-Store
3699,2025-06-24,Clothing,105.98,1,0,105.98,South,Online
4179,2025-06-24,Books,23.26,3,0,69.78,West,Online
5134,2025-06-24,Electronics,255.27,1,0,255.27,North,Online
5289,2025-06-24,Clothing,16.48,1,20,13.18,East,In-Store
5681,2025-06-24,Home & Kitchen,51.22,3,0,153.66,East,Online
5803,2025-06-24,Clothing,81.24,4,5,308.71,South,Online
1185,2025-06-25,Clothing,18.92,4,0,75.68,West,In-Store
2102,2025-06-25,Electronics,234.93,4,0,939.72,East,In-Store
2532,2025-06-25,Clothing,104.92,5,0,524.6,West,Online
2579,2025-06-25,Electronics,539.59,2,0,1079.18,East,In-Store
2633,2025-06-25,Electronics,509.41,1,0,509.41,East,Online
2924,2025-06-25,Electronics,438.09,5,5,2080.93,North,In-Store
3340,2025-06-25,Sports,74.99,2,5,142.48,East,In-Store
3559,2025-06-25,Books,23.1,2,0,46.2,North,Online
4044,2025-06-25,Home & Kitchen,131.92,1,0,131.92,West,In-Store
4462,2025-06-25,Clothing,58.26,5,5,276.74,South,In-Store
1336,2025-06-26,Clothing,18.99,2,0,37.98,North,Online
2035,2025-06-26,Electronics,687.89,4,0,2751.56,East,Online
2243,2025-06-26,Electronics,892.67,5,20,3570.68,West,Online
2383,2025-06-26,Clothing,58.57,1,0,58.57,West,Online
3223,2025-06-26,Home & Kitchen,78.05,1,10,70.24,North,Online
3318,2025-06-26,Clothing,60.71,3,0,182.13,East,Online
3810,2025-06-26,Home & Kitchen,129.15,5,0,645.75,North,Online
3843,2025-06-26,Electronics,715.22,2,0,1430.44,North,Online
3997,2025-06-26,Sports,108.45,1,5,103.03,North,In-Store
4065,2025-06-26,Electronics,193.95,2,0,387.9,East,Online
4314,2025-06-26,Sports,155.89,3,0,467.67,West,In-Store
4730,2025-06-26,Clothing,72.05,2,0,144.1,North,In-Store
5892,2025-06-26,Sports,59.95,4,15,203.83,South,Online
1181,2025-06-27,Clothing,119.6,3,0,358.8,West,Online
2054,2025-06-27,Books,26.78,1,0,26.78,East,Online
2195,2025-06-27,Electronics,481.39,1,0,481.39,West,Online
2357,2025-06-27,Sports,160.83,1,0,160.83,South,In-Store
2658,2025-06-27,Clothing,104.37,4,0,417.48,North,In-Store
2792,2025-06-27,Clothing,82.32,2,15,139.94,South,Online
3248,2025-06-27,Sports,163.55,3,0,490.65,East,In-Store
4048,2025-06-27,Electronics,530.51,1,0,530.51,East,Online
4356,2025-06-27,Sports,179.52,5,0,897.6,East,In-Store
4829,2025-06-27,Sports,76.94,5,0,384.7,North,Online
5063,2025-06-27,Electronics,422.29,2,0,844.58,West,Online
5128,2025-06-27,Home & Kitchen,81.95,5,15,348.29,East,Online
5226,2025-06-27,Books,23.62,4,10,85.03,West,In-Store
1016,2025-06-28,Electronics,627.31,4,15,2132.85,North,Online
1722,2025-06-28,Home & Kitchen,196.17,1,0,196.17,West,In-Store
1781,2025-06-28,Electronics,828.1,3,20,1987.44,South,In-Store
2471,2025-06-28,Clothing,71.46,4,20,228.67,West,Online
2730,2025-06-28,Clothing,80.36,1,0,80.36,South,Online
3095,2025-06-28,Home & Kitchen,84.05,1,0,84.05,East,In-Store
3399,2025-06-28,Electronics,444.1,4,0,1776.4,East,In-Store
3659,2025-06-28,Clothing,47.12,2,15,80.1,West,Online
4005,2025-06-28,Sports,150.46,2,0,300.92,North,In-Store
4194,2025-06-28,Home & Kitchen,45.34,4,0,181.36,West,Online
5521,2025-06-28,Clothing,34.63,4,0,138.52,North,Online
5525,2025-06-28,Clothing,108.78,2,0,217.56,North,Online
5954,2025-06-28,Home & Kitchen,44.34,3,20,106.42,West,Online
1108,2025-06-29,Clothing,72.79,3,15,185.61,North,Online
1137,2025-06-29,Home & Kitchen,230.41,1,0,230.41,North,Online
1709,2025-06-29,Electronics,237.34,2,0,474.68,East,Online
1831,2025-06-29,Home & Kitchen,245.67,1,0,245.67,East,In-Store
1980,2025-06-29,Clothing,60.55,5,0,302.75,South,In-Store
2037,2025-06-29,Clothing,100.7,4,0,402.8,West,Online
2346,2025-06-29,Electronics,488.9,1,0,488.9,North,Online
2915,2025-06-29,Clothing,55.15,5,0,275.75,East,In-Store
3118,2025-06-29,Books,9.14,4,0,36.56,West,In-Store
3635,2025-06-29,Clothing,68.1,4,15,231.54,North,Online
4070,2025-06-29,Sports,102.49,3,5,292.1,North,Online
4567,2025-06-29,Electronics,391.33,3,20,939.19,South,Online
5087,2025-06-29,Clothing,73.2,1,0,73.2,West,Online
1204,2025-06-30,Books,38.86,4,0,155.44,South,Online
1451,2025-06-30,Clothing,109.71,4,0,438.84,East,Online
1476,2025-06-30,Home & Kitchen,117.8,5,5,559.55,East,Online
1698,2025-06-30,Home & Kitchen,169.09,1,0,169.09,South,In-Store
1819,2025-06-30,Clothing,79.89,5,0,399.45,South,Online
4036,2025-06-30,Clothing,74.6,5,5,354.35,East,In-Store
4068,2025-06-30,Electronics,298.26,1,5,283.35,East,In-Store
4498,2025-06-30,Books,35.0,4,0,140.0,East,In-Store
4555,2025-06-30,Clothing,108.97,1,5,103.52,North,Online
4636,2025-06-30,Clothing,86.27,5,0,431.35,North,Online
4749,2025-06-30,Home & Kitchen,111.68,3,5,318.29,West,Online
4854,2025-06-30,Home & Kitchen,176.37,4,0,705.48,North,Online
4914,2025-06-30,Clothing,88.64,1,0,88.64,South,In-Store
5076,2025-06-30,Clothing,24.73,4,5,93.97,South,Online
5609,2025-06-30,Home & Kitchen,75.36,4,0,301.44,North,In-Store
5645,2025-06-30,Electronics,333.74,2,0,667.48,East,Online
5851,2025-06-30,Home & Kitchen,33.62,5,15,142.88,West,Online
1560,2025-07-01,Sports,193.94,3,15,494.55,West,In-Store
1626,2025-07-01,Books,31.08,3,0,93.24,North,In-Store
1869,2025-07-01,Books,14.2,5,20,56.8,South,Online
2176,2025-07-01,Sports,164.81,3,0,494.43,East,Online
2594,2025-07-01,Clothing,80.67,1,0,80.67,East,In-Store
2648,2025-07-01,Clothing,88.78,2,0,177.56,West,In-Store
2764,2025-07-01,Home & Kitchen,195.64,1,10,176.08,South,Online
3230,2025-07-01,Clothing,85.66,2,0,171.32,South,In-Store
3357,2025-07-01,Clothing,48.22,1,0,48.22,South,Online
3439,2025-07-01,Electronics,857.63,4,0,3430.52,North,In-Store
3680,2025-07-01,Books,14.85,4,0,59.4,East,In-Store
4004,2025-07-01,Clothing,72.21,2,5,137.2,South,Online
4670,2025-07-01,Books,32.0,4,15,108.8,South,Online
4738,2025-07-01,Clothing,72.87,5,5,346.13,West,In-Store
4941,2025-07-01,Electronics,818.27,4,5,3109.43,East,Online
5077,2025-07-01,Clothing,118.28,2,20,189.25,West,Online
5542,2025-07-01,Books,17.19,5,0,85.95,South,Online
5689,2025-07-01,Electronics,769.42,3,10,2077.43,South,Online
5962,2025-07-01,Books,29.87,5,5,141.88,South,In-Store
1217,2025-07-02,Electronics,271.25,2,20,434.0,East,Online
1302,2025-07-02,Electronics,431.99,4,15,1468.77,South,Online
1379,2025-07-02,Books,22.27,3,0,66.81,South,In-Store
1815,2025-07-02,Sports,157.4,4,0,629.6,South,Online
1966,2025-07-02,Electronics,273.42,2,5,519.5,North,In-Store
2026,2025-07-02,Sports,130.06,1,0,130.06,East,In-Store
2895,2025-07-02,Books,9.52,1,5,9.04,East,Online
3150,2025-07-02,Home & Kitchen,128.22,1,15,108.99,North,In-Store
3476,2025-07-02,Home & Kitchen,96.7,5,0,483.5,West,Online
4165,2025-07-02,Clothing,106.46,4,0,425.84,South,Online
4227,2025-07-02,Electronics,448.92,4,0,1795.68,North,In-Store
4649,2025-07-02,Electronics,825.07,3,0,2475.21,North,Online
4671,2025-07-02,Electronics,571.86,1,0,571.86,West,Online
4840,2025-07-02,Home & Kitchen,203.55,3,15,519.05,West,In-Store
5106,2025-07-02,Home & Kitchen,67.88,5,5,322.43,East,Online
5339,2025-07-02,Sports,107.31,1,0,107.31,South,Online
5408,2025-07-02,Electronics,324.75,5,5,1542.56,South,Online
1330,2025-07-03,Electronics,614.77,3,0,1844.31,North,Online
1458,2025-07-03,Sports,196.51,1,0,196.51,West,Online
1872,2025-07-03,Books,38.06,3,15,97.05,North,Online
2052,2025-07-03,Clothing,18.31,3,0,54.93,West,Online
3147,2025-07-03,Sports,53.04,1,0,53.04,North,In-Store
3313,2025-07-03,Home & Kitchen,177.05,2,15,300.98,North,Online
3474,2025-07-03,Electronics,176.39,2,5,335.14,South,Online
4206,2025-07-03,Home & Kitchen,150.97,1,0,150.97,North,Online
4526,2025-07-03,Electronics,847.51,1,0,847.51,South,Online
4882,2025-07-03,Clothing,60.45,1,0,60.45,South,Online
4921,2025-07-03,Sports,111.62,2,15,189.75,East,In-Store
5778,2025-07-03,Electronics,399.97,1,10,359.97,East,Online
5944,2025-07-03,Clothing,67.11,1,0,67.11,North,In-Store
5959,2025-07-03,Electronics,207.76,2,0,415.52,North,In-Store
1712,2025-07-04,Electronics,335.55,4,0,1342.2,West,Online
2536,2025-07-04,Sports,84.94,1,0,84.94,South,Online
3051,2025-07-04,Clothing,64.41,3,0,193.23,West,Online
3261,2025-07-04,Books,32.68,3,0,98.04,South,Online
3316,2025-07-04,Books,26.08,1,5,24.78,South,Online
3781,2025-07-04,Home & Kitchen,42.24,4,20,135.17,East,Online
4262,2025-07-04,Books,19.5,5,0,97.5,East,Online
4612,2025-07-04,Books,36.41,1,0,36.41,North,Online
4782,2025-07-04,Electronics,294.8,3,0,884.4,South,Online
5494,2025-07-04,Sports,164.97,5,0,824.85,East,Online
1710,2025-07-05,Home & Kitchen,31.12,2,0,62.24,East,In-Store
1990,2025-07-05,Clothing,53.36,3,0,160.08,North,Online
2439,2025-07-05,Books,7.02,2,0,14.04,West,Online
2623,2025-07-05,Electronics,584.2,2,5,1109.98,East,In-Store
3092,2025-07-05,Electronics,744.88,4,15,2532.59,East,Online
3148,2025-07-05,Electronics,571.22,5,0,2856.1,South,Online
4329,2025-07-05,Home & Kitchen,148.06,4,10,533.02,South,Online
4470,2025-07-05,Sports,101.22,5,0,506.1,East,Online
4501,2025-07-05,Electronics,733.92,5,0,3669.6,South,In-Store
4680,2025-07-05,Books,34.22,3,5,97.53,West,Online
5166,2025-07-05,Clothing,80.7,1,0,80.7,North,Online
5228,2025-07-05,Home & Kitchen,121.19,4,0,484.76,West,Online
5263,2025-07-05,Sports,25.18,1,0,25.18,South,Online
5999,2025-07-05,Electronics,848.55,2,0,1697.1,East,In-Store
1066,2025-07-06,Electronics,190.11,5,0,950.55,North,In-Store
1159,2025-07-06,Home & Kitchen,150.27,2,15,255.46,East,In-Store
1559,2025-07-06,Clothing,90.99,5,5,432.2,South,Online
1728,2025-07-06,Home & Kitchen,140.03,4,20,448.1,North,Online
2053,2025-07-06,Books,29.78,3,0,89.34,West,Online
2376,2025-07-06,Home & Kitchen,245.55,3,20,589.32,East,In-Store
2475,2025-07-06,Clothing,75.85,3,5,216.17,East,In-Store
3693,2025-07-06,Clothing,111.91,4,0,447.64,East,In-Store
3970,2025-07-06,Home & Kitchen,221.75,3,20,532.2,West,Online
4984,2025-07-06,Electronics,199.5,3,0,598.5,North,Online
5337,2025-07-06,Clothing,76.32,4,0,305.28,East,Online
5379,2025-07-06,Home & Kitchen,117.28,3,0,351.84,North,In-Store
5906,2025-07-06,Clothing,34.55,1,0,34.55,East,In-Store
5973,2025-07-06,Home & Kitchen,87.19,1,20,69.75,North,In-Store
1040,2025-07-07,Books,15.31,5,0,76.55,West,In-Store
1610,2025-07-07,Books,15.92,3,0,47.76,South,Online
1938,2025-07-07,Clothing,101.56,1,0,101.56,North,Online
2975,2025-07-07,Electronics,234.65,2,0,469.3,East,In-Store
3364,2025-07-07,Home & Kitchen,140.54,2,0,281.08,South,In-Store
3574,2025-07-07,Home & Kitchen,46.92,1,5,44.57,South,In-Store
4372,2025-07-07,Books,17.29,5,0,86.45,West,Online
4449,2025-07-07,Clothing,36.48,5,0,182.4,East,In-Store
4482,2025-07-07,Electronics,243.54,5,5,1156.82,West,Online
5536,2025-07-07,Home & Kitchen,91.11,2,5,173.11,East,In-Store
1351,2025-07-08,Home & Kitchen,88.19,2,0,176.38,South,In-Store
1475,2025-07-08,Sports,158.17,2,10,284.71,West,Online
1746,2025-07-08,Home & Kitchen,222.34,1,0,222.34,South,Online
1828,2025-07-08,Clothing,47.0,2,5,89.3,South,Online
1915,2025-07-08,Sports,144.41,4,0,577.64,South,Online
2020,2025-07-08,Electronics,315.8,3,0,947.4,South,Online
2268,2025-07-08,Home & Kitchen,172.35,1,0,172.35,West,In-Store
2706,2025-07-08,Clothing,93.55,2,5,177.74,West,Online
2833,2025-07-08,Home & Kitchen,195.92,4,0,783.68,West,Online
3010,2025-07-08,Clothing,109.77,2,10,197.59,North,In-Store
3032,2025-07-08,Sports,118.56,4,5,450.53,South,Online
3171,2025-07-08,Electronics,346.78,4,0,1387.12,West,Online
3306,2025-07-08,Clothing,29.3,1,0,29.3,East,Online
3802,2025-07-08,Electronics,772.51,3,0,2317.53,South,Online
3841,2025-07-08,Books,13.48,4,0,53.92,East,In-Store
4337,2025-07-08,Electronics,726.5,3,0,2179.5,South,Online
4486,2025-07-08,Home & Kitchen,73.0,2,0,146.0,North,In-Store
4657,2025-07-08,Electronics,335.3,5,0,1676.5,North,In-Store
4748,2025-07-08,Clothing,82.95,2,0,165.9,South,In-Store
4907,2025-07-08,Home & Kitchen,79.6,5,0,398.0,South,Online
5181,2025-07-08,Home & Kitchen,93.44,1,0,93.44,West,Online
5297,2025-07-08,Home & Kitchen,186.02,4,0,744.08,North,In-Store
5484,2025-07-08,Clothing,32.34,4,0,129.36,North,In-Store
5583,2025-07-08,Books,16.8,3,0,50.4,North,In-Store
5652,2025-07-08,Clothing,81.93,2,20,131.09,East,Online
1076,2025-07-09,Home & Kitchen,129.87,1,0,129.87,West,Online
1157,2025-07-09,Clothing,15.17,4,0,60.68,South,In-Store
1584,2025-07-09,Electronics,585.52,3,0,1756.56,West,Online
1721,2025-07-09,Home & Kitchen,147.59,2,5,280.42,East,Online
2140,2025-07-09,Sports,157.68,1,0,157.68,East,Online
2508,2025-07-09,Clothing,53.18,5,0,265.9,West,In-Store
2867,2025-07-09,Electronics,620.53,5,0,3102.65,South,In-Store
2897,2025-07-09,Books,5.88,2,0,11.76,West,Online
3019,2025-07-09,Books,29.26,5,5,138.99,West,Online
3193,2025-07-09,Home & Kitchen,106.98,2,5,203.26,North,In-Store
3241,2025-07-09,Sports,148.94,5,10,670.23,South,In-Store
3388,2025-07-09,Sports,23.36,5,0,116.8,North,Online
4083,2025-07-09,Electronics,262.26,2,0,524.52,East,Online
4161,2025-07-09,Clothing,116.81,5,0,584.05,North,Online
4585,2025-07-09,Sports,35.01,5,0,175.05,South,In-Store
4637,2025-07-09,Clothing,117.38,4,0,469.52,South,Online
5896,2025-07-09,Home & Kitchen,141.35,3,10,381.64,South,In-Store
5915,2025-07-09,Books,16.86,2,0,33.72,East,Online
1189,2025-07-10,Clothing,30.81,5,0,154.05,East,In-Store
1285,2025-07-10,Home & Kitchen,64.76,3,0,194.28,West,Online
1289,2025-07-10,Clothing,39.26,5,10,176.67,South,Online
1567,2025-07-10,Electronics,896.72,4,10,3228.19,South,Online
1999,2025-07-10,Books,18.17,4,15,61.78,South,Online
2650,2025-07-10,Clothing,89.29,1,20,71.43,West,Online
2709,2025-07-10,Clothing,67.78,1,0,67.78,West,In-Store
2898,2025-07-10,Electronics,743.39,2,0,1486.78,East,Online
3582,2025-07-10,Electronics,383.47,4,0,1533.88,North,Online
3656,2025-07-10,Clothing,52.89,5,0,264.45,South,In-Store
3929,2025-07-10,Home & Kitchen,216.35,2,0,432.7,West,Online
4090,2025-07-10,Sports,109.98,5,0,549.9,East,Online
4324,2025-07-10,Clothing,52.36,1,0,52.36,South,In-Store
4520,2025-07-10,Books,34.63,3,0,103.89,West,In-Store
4699,2025-07-10,Clothing,80.59,5,0,402.95,West,In-Store
4816,2025-07-10,Electronics,537.09,2,0,1074.18,North,Online
5148,2025-07-10,Electronics,225.35,3,0,676.05,North,Online
5870,2025-07-10,Books,20.96,5,10,94.32,East,In-Store
5937,2025-07-10,Home & Kitchen,224.84,5,0,1124.2,East,Online
5958,2025-07-10,Books,19.09,3,10,51.54,North,Online
1082,2025-07-11,Clothing,13.55,1,0,13.55,North,Online
1319,2025-07-11,Clothing,51.08,1,0,51.08,East,Online
1768,2025-07-11,Clothing,25.22,3,0,75.66,South,Online
1968,2025-07-11,Clothing,22.04,1,20,17.63,West,In-Store
2315,2025-07-11,Books,36.08,3,10,97.42,West,In-Store
2871,2025-07-11,Home & Kitchen,90.64,2,0,181.28,North,In-Store
3286,2025-07-11,Electronics,564.89,1,15,480.16,South,Online
1176,2025-07-12,Books,6.58,1,0,6.58,North,In-Store
2732,2025-07-12,Books,19.13,2,10,34.43,East,Online
2759,2025-07-12,Electronics,861.23,2,0,1722.46,East,In-Store
3176,2025-07-12,Home & Kitchen,191.09,5,0,955.45,North,Online
3525,2025-07-12,Home & Kitchen,229.11,1,20,183.29,East,In-Store
4954,2025-07-12,Sports,194.88,1,0,194.88,West,Online
5880,2025-07-12,Home & Kitchen,106.73,1,0,106.73,South,Online
1373,2025-07-13,Home & Kitchen,128.77,1,0,128.77,North,Online
1835,2025-07-13,Books,35.28,5,10,158.76,West,Online
2069,2025-07-13,Clothing,30.73,1,0,30.73,North,In-Store
2615,2025-07-13,Home & Kitchen,134.15,4,5,509.77,South,In-Store
2655,2025-07-13,Sports,126.14,4,0,504.56,West,In-Store
3909,2025-07-13,Books,21.05,2,0,42.1,North,Online
4204,2025-07-13,Electronics,501.19,4,0,2004.76,North,In-Store
5223,2025-07-13,Sports,72.14,2,20,115.42,East,In-Store
5691,2025-07-13,Electronics,697.39,2,5,1325.04,North,Online
5700,2025-07-13,Electronics,210.02,2,10,378.04,South,In-Store
5818,2025-07-13,Clothing,17.85,2,0,35.7,West,In-Store
5846,2025-07-13,Home & Kitchen,111.43,1,0,111.43,West,Online
1391,2025-07-14,Books,37.08,3,0,111.24,West,Online
1666,2025-07-14,Home & Kitchen,175.59,1,5,166.81,South,Online
1858,2025-07-14,Clothing,19.15,1,0,19.15,South,Online
2206,2025-07-14,Home & Kitchen,77.73,1,0,77.73,East,Online
2258,2025-07-14,Electronics,726.07,3,0,2178.21,East,Online
3425,2025-07-14,Clothing,53.93,3,5,153.7,North,In-Store
3753,2025-07-14,Books,34.77,5,0,173.85,South,In-Store
4532,2025-07-14,Clothing,26.78,2,0,53.56,North,Online
4660,2025-07-14,Home & Kitchen,224.78,2,0,449.56,South,In-Store
5008,2025-07-14,Home & Kitchen,77.29,2,0,154.58,East,In-Store
5176,2025-07-14,Clothing,52.14,4,0,208.56,West,Online
5453,2025-07-14,Sports,172.77,4,10,621.97,East,Online
1263,2025-07-15,Home & Kitchen,211.33,4,0,845.32,North,Online
1760,2025-07-15,Clothing,80.22,5,20,320.88,West,In-Store
1887,2025-07-15,Home & Kitchen,20.62,3,0,61.86,West,Online
2308,2025-07-15,Home & Kitchen,182.22,1,0,182.22,South,Online
2735,2025-07-15,Electronics,232.34,4,0,929.36,East,Online
3462,2025-07-15,Clothing,18.5,4,0,74.0,West,Online
3657,2025-07-15,Books,30.78,3,0,92.34,North,In-Store
3732,2025-07-15,Electronics,373.25,3,0,1119.75,South,Online
3896,2025-07-15,Home & Kitchen,197.98,3,15,504.85,West,Online
4256,2025-07-15,Electronics,619.58,1,15,526.64,South,Online
4260,2025-07-15,Home & Kitchen,179.3,4,0,717.2,East,In-Store
4732,2025-07-15,Clothing,41.55,5,5,197.36,South,Online
5917,2025-07-15,Electronics,724.92,5,0,3624.6,West,In-Store
5940,2025-07-15,Clothing,93.1,2,20,148.96,East,In-Store
1343,2025-07-16,Books,12.13,2,5,23.05,West,Online
2028,2025-07-16,Electronics,551.6,2,5,1048.04,South,Online
2033,2025-07-16,Electronics,613.58,1,0,613.58,North,Online
2737,2025-07-16,Clothing,103.23,1,5,98.07,North,In-Store
2974,2025-07-16,Electronics,804.78,4,0,3219.12,South,In-Store
3247,2025-07-16,Clothing,12.95,4,0,51.8,East,Online
3263,2025-07-16,Home & Kitchen,90.33,3,0,270.99,East,Online
3461,2025-07-16,Electronics,225.01,2,0,450.02,West,Online
4186,2025-07-16,Electronics,533.41,3,20,1280.18,West,In-Store
4203,2025-07-16,Electronics,389.94,5,0,1949.7,West,In-Store
4707,2025-07-16,Clothing,48.93,4,10,176.15,North,Online
5290,2025-07-16,Clothing,14.12,4,0,56.48,East,Online
5382,2025-07-16,Clothing,30.58,2,10,55.04,West,In-Store
5545,2025-07-16,Books,14.45,4,0,57.8,North,Online
5931,2025-07-16,Sports,179.51,3,0,538.53,West,In-Store
1021,2025-07-17,Clothing,55.92,5,0,279.6,North,Online
1321,2025-07-17,Clothing,96.42,3,10,260.33,East,Online
1791,2025-07-17,Sports,55.79,1,0,55.79,East,In-Store
1843,2025-07-17,Clothing,34.84,2,0,69.68,North,Online
1975,2025-07-17,Clothing,14.08,4,5,53.5,North,In-Store
2445,2025-07-17,Sports,122.93,3,0,368.79,West,In-Store
2728,2025-07-17,Sports,90.82,1,0,90.82,South,Online
2829,2025-07-17,Clothing,91.35,5,0,456.75,South,Online
3748,2025-07-17,Clothing,85.54,5,0,427.7,North,Online
3922,2025-07-17,Books,32.14,1,0,32.14,West,Online
4151,2025-07-17,Books,24.6,2,10,44.28,East,Online
4544,2025-07-17,Sports,78.61,5,5,373.4,East,Online
4987,2025-07-17,Sports,19.52,1,0,19.52,East,In-Store
5017,2025-07-17,Home & Kitchen,211.83,4,10,762.59,West,Online
5710,2025-07-17,Books,19.33,2,0,38.66,East,Online
1450,2025-07-18,Electronics,616.81,2,0,1233.62,East,Online
2014,2025-07-18,Home & Kitchen,231.61,2,15,393.74,East,In-Store
2232,2025-07-18,Home & Kitchen,108.36,1,0,108.36,East,Online
2744,2025-07-18,Electronics,728.85,3,0,2186.55,East,Online
2784,2025-07-18,Electronics,632.26,2,0,1264.52,South,In-Store
3016,2025-07-18,Clothing,53.29,2,5,101.25,North,Online
3022,2025-07-18,Home & Kitchen,154.66,1,0,154.66,North,Online
3329,2025-07-18,Electronics,825.99,2,0,1651.98,West,In-Store
3764,2025-07-18,Clothing,13.5,3,0,40.5,West,Online
4221,2025-07-18,Clothing,117.56,2,0,235.12,North,Online
4277,2025-07-18,Sports,120.91,3,20,290.18,North,In-Store
5237,2025-07-18,Home & Kitchen,212.83,3,0,638.49,North,Online
5836,2025-07-18,Sports,157.2,1,0,157.2,North,In-Store
5868,2025-07-18,Home & Kitchen,76.84,3,15,195.94,North,Online
1688,2025-07-19,Books,8.78,2,0,17.56,East,Online
1883,2025-07-19,Books,38.53,5,10,173.39,South,Online
2128,2025-07-19,Electronics,632.53,3,0,1897.59,West,Online
2834,2025-07-19,Books,14.35,2,0,28.7,East,Online
4014,2025-07-19,Electronics,882.31,4,0,3529.24,West,In-Store
4894,2025-07-19,Home & Kitchen,156.8,1,0,156.8,South,Online
5947,2025-07-19,Electronics,520.8,2,0,1041.6,North,Online
5986,2025-07-19,Books,30.73,1,0,30.73,South,Online
1363,2025-07-20,Sports,196.63,1,0,196.63,East,Online
1399,2025-07-20,Books,15.09,4,0,60.36,North,Online
1601,2025-07-20,Clothing,95.09,5,0,475.45,East,Online
3537,2025-07-20,Clothing,32.6,4,0,130.4,North,In-Store
5006,2025-07-20,Clothing,102.6,5,0,513.0,South,Online
5064,2025-07-20,Books,26.89,1,10,24.2,South,Online
5200,2025-07-20,Home & Kitchen,79.71,2,0,159.42,East,Online
5450,2025-07-20,Electronics,593.0,4,0,2372.0,South,Online
5857,2025-07-20,Clothing,23.58,3,0,70.74,East,Online
1993,2025-07-21,Sports,34.66,2,0,69.32,North,Online
3121,2025-07-21,Electronics,327.48,3,20,785.95,East,Online
3199,2025-07-21,Clothing,12.94,1,0,12.94,West,In-Store
3337,2025-07-21,Books,28.75,1,0,28.75,North,Online
3403,2025-07-21,Clothing,24.77,1,5,23.53,West,In-Store
3450,2025-07-21,Clothing,37.62,4,0,150.48,South,In-Store
3498,2025-07-21,Home & Kitchen,200.69,5,0,1003.45,West,Online
3540,2025-07-21,Home & Kitchen,205.09,5,15,871.63,North,In-Store
3551,2025-07-21,Home & Kitchen,142.22,4,0,568.88,West,In-Store
3679,2025-07-21,Electronics,338.53,5,0,1692.65,South,Online
3790,2025-07-21,Sports,118.94,3,5,338.98,North,In-Store
3991,2025-07-21,Sports,103.66,2,0,207.32,East,Online
4566,2025-07-21,Home & Kitchen,128.36,3,0,385.08,East,In-Store
4934,2025-07-21,Books,33.07,4,0,132.28,South,Online
5092,2025-07-21,Clothing,83.8,5,0,419.0,West,Online
1078,2025-07-22,Books,13.85,3,0,41.55,West,Online
1621,2025-07-22,Sports,34.32,5,0,171.6,North,Online
1799,2025-07-22,Electronics,607.36,3,0,1822.08,North,Online
1910,2025-07-22,Sports,169.73,2,5,322.49,East,Online
2722,2025-07-22,Electronics,278.15,1,5,264.24,North,Online
2767,2025-07-22,Clothing,27.15,5,5,128.96,West,In-Store
2963,2025-07-22,Clothing,83.44,2,5,158.54,West,Online
3448,2025-07-22,Sports,138.53,1,0,138.53,North,In-Store
3675,2025-07-22,Home & Kitchen,119.36,4,5,453.57,North,Online
3766,2025-07-22,Electronics,700.74,1,5,665.7,South,Online
4280,2025-07-22,Electronics,502.07,3,0,1506.21,West,In-Store
4645,2025-07-22,Electronics,752.48,1,0,752.48,West,Online
4834,2025-07-22,Electronics,762.12,1,0,762.12,South,In-Store
5201,2025-07-22,Books,31.62,2,0,63.24,East,Online
5393,2025-07-22,Sports,55.65,2,0,111.3,South,In-Store
5475,2025-07-22,Home & Kitchen,53.6,3,20,128.64,South,Online
5642,2025-07-22,Home & Kitchen,71.15,1,0,71.15,East,Online
5918,2025-07-22,Clothing,118.93,5,0,594.65,West,Online
5981,2025-07-22,Clothing,108.48,3,20,260.35,South,In-Store
1395,2025-07-23,Clothing,21.58,1,0,21.58,North,In-Store
1414,2025-07-23,Sports,66.57,1,20,53.26,South,Online
1797,2025-07-23,Clothing,86.57,3,0,259.71,West,Online
1876,2025-07-23,Sports,25.92,4,0,103.68,East,Online
1884,2025-07-23,Electronics,279.77,4,0,1119.08,North,Online
2059,2025-07-23,Electronics,594.37,2,0,1188.74,North,Online
2094,2025-07-23,Clothing,98.35,2,0,196.7,West,In-Store
2197,2025-07-23,Clothing,63.06,5,0,315.3,East,Online
2775,2025-07-23,Electronics,529.88,4,0,2119.52,East,In-Store
2817,2025-07-23,Home & Kitchen,165.87,5,10,746.42,East,In-Store
3040,2025-07-23,Electronics,641.18,3,0,1923.54,North,Online
3326,2025-07-23,Books,20.17,3,0,60.51,West,Online
3328,2025-07-23,Sports,184.46,4,0,737.84,South,In-Store
3645,2025-07-23,Sports,178.5,4,0,714.0,North,Online
3884,2025-07-23,Books,12.18,5,0,60.9,East,Online
4307,2025-07-23,Home & Kitchen,202.36,2,0,404.72,West,Online
4613,2025-07-23,Books,11.65,2,10,20.97,East,In-Store
5170,2025-07-23,Home & Kitchen,116.27,1,0,116.27,West,Online
5190,2025-07-23,Electronics,740.18,5,0,3700.9,South,Online
5510,2025-07-23,Books,22.57,3,0,67.71,North,Online
5726,2025-07-23,Home & Kitchen,140.49,5,10,632.21,North,In-Store
5854,2025-07-23,Electronics,665.1,2,0,1330.2,North,Online
1892,2025-07-24,Home & Kitchen,109.91,4,10,395.68,West,In-Store
2132,2025-07-24,Clothing,52.05,1,10,46.84,North,In-Store
2291,2025-07-24,Sports,53.86,3,0,161.58,South,Online
3477,2025-07-24,Home & Kitchen,219.91,1,20,175.93,South,Online
3828,2025-07-24,Home & Kitchen,129.75,4,0,519.0,East,In-Store
4138,2025-07-24,Clothing,28.72,4,10,103.39,East,Online
4866,2025-07-24,Clothing,105.02,5,5,498.84,East,Online
5035,2025-07-24,Home & Kitchen,135.0,2,0,270.0,West,In-Store
5654,2025-07-24,Clothing,80.57,3,0,241.71,West,Online
5825,2025-07-24,Electronics,195.02,5,0,975.1,South,In-Store
5882,2025-07-24,Home & Kitchen,114.17,1,15,97.04,West,In-Store
5909,2025-07-24,Books,38.04,3,5,108.41,South,Online
1276,2025-07-25,Books,27.43,1,10,24.69,South,Online
1532,2025-07-25,Electronics,332.8,3,20,798.72,South,Online
1677,2025-07-25,Sports,74.85,5,0,374.25,East,Online
2010,2025-07-25,Clothing,28.79,5,0,143.95,South,Online
2581,2025-07-25,Electronics,459.0,1,0,459.0,West,Online
3398,2025-07-25,Electronics,409.08,4,0,1636.32,West,In-Store
3570,2025-07-25,Books,18.17,1,0,18.17,South,Online
3615,2025-07-25,Clothing,33.61,2,0,67.22,East,Online
4416,2025-07-25,Sports,135.77,4,0,543.08,East,Online
5015,2025-07-25,Home & Kitchen,139.64,3,0,418.92,East,In-Store
5030,2025-07-25,Clothing,102.0,1,0,102.0,East,In-Store
5318,2025-07-25,Home & Kitchen,89.26,5,0,446.3,South,Online
5935,2025-07-25,Clothing,36.45,5,0,182.25,South,In-Store
5983,2025-07-25,Books,22.23,4,10,80.03,East,Online
1092,2025-07-26,Sports,133.28,3,0,399.84,East,In-Store
1538,2025-07-26,Books,12.77,2,5,24.26,West,In-Store
1547,2025-07-26,Electronics,585.76,1,0,585.76,South,Online
1553,2025-07-26,Clothing,74.31,2,0,148.62,West,Online
1564,2025-07-26,Clothing,10.59,3,0,31.77,West,Online
1853,2025-07-26,Home & Kitchen,232.59,4,0,930.36,North,Online
1860,2025-07-26,Sports,72.61,5,10,326.74,East,Online
1957,2025-07-26,Electronics,667.34,3,0,2002.02,West,Online
2185,2025-07-26,Electronics,759.31,5,0,3796.55,North,In-Store
2663,2025-07-26,Books,23.97,2,5,45.54,East,Online
2741,2025-07-26,Clothing,59.07,2,0,118.14,South,Online
2811,2025-07-26,Home & Kitchen,162.15,4,0,648.6,North,In-Store
3104,2025-07-26,Home & Kitchen,97.86,2,0,195.72,West,In-Store
3389,2025-07-26,Electronics,670.51,4,10,2413.84,West,Online
4039,2025-07-26,Home & Kitchen,202.54,3,0,607.62,East,In-Store
4153,2025-07-26,Books,32.67,5,10,147.02,North,In-Store
4371,2025-07-26,Sports,141.65,3,0,424.95,North,Online
4875,2025-07-26,Clothing,47.23,5,0,236.15,North,In-Store
5272,2025-07-26,Electronics,327.17,4,5,1243.25,North,Online
5301,2025-07-26,Clothing,12.13,5,0,60.65,South,Online
5720,2025-07-26,Sports,26.48,1,0,26.48,West,Online
5808,2025-07-26,Clothing,88.18,4,0,352.72,North,In-Store
1917,2025-07-27,Clothing,18.47,3,0,55.41,South,Online
2550,2025-07-27,Home & Kitchen,37.9,2,5,72.01,North,In-Store
4510,2025-07-27,Books,9.86,1,10,8.87,East,In-Store
5151,2025-07-27,Sports,157.11,1,5,149.25,West,In-Store
5724,2025-07-27,Books,27.43,2,20,43.89,South,In-Store
5965,2025-07-27,Clothing,117.11,3,10,316.2,West,Online
1575,2025-07-28,Clothing,106.91,3,20,256.58,East,Online
2136,2025-07-28,Clothing,59.14,3,0,177.42,North,In-Store
2265,2025-07-28,Books,23.98,4,10,86.33,East,Online
2494,2025-07-28,Electronics,709.6,4,0,2838.4,South,In-Store
2543,2025-07-28,Home & Kitchen,152.5,4,0,610.0,West,Online
3001,2025-07-28,Home & Kitchen,195.58,4,0,782.32,West,Online
3299,2025-07-28,Clothing,75.22,3,0,225.66,West,Online
3308,2025-07-28,Clothing,41.42,1,0,41.42,West,In-Store
3928,2025-07-28,Sports,63.79,1,0,63.79,East,Online
4126,2025-07-28,Sports,148.11,1,0,148.11,North,Online
4266,2025-07-28,Books,21.36,4,10,76.9,South,Online
4441,2025-07-28,Clothing,40.66,4,0,162.64,South,Online
4583,2025-07-28,Home & Kitchen,31.24,3,5,89.03,East,Online
4638,2025-07-28,Clothing,81.59,1,0,81.59,West,In-Store
4988,2025-07-28,Sports,186.99,2,15,317.88,West,In-Store
5158,2025-07-28,Electronics,843.15,5,15,3583.39,West,In-Store
1130,2025-07-29,Clothing,11.99,4,0,47.96,East,In-Store
1345,2025-07-29,Electronics,671.92,4,10,2418.91,South,Online
1569,2025-07-29,Electronics,843.79,4,0,3375.16,North,Online
1611,2025-07-29,Books,23.94,4,0,95.76,West,In-Store
1836,2025-07-29,Clothing,63.02,3,0,189.06,South,Online
2015,2025-07-29,Home & Kitchen,201.46,2,0,402.92,South,Online
2160,2025-07-29,Clothing,40.3,4,20,128.96,North,In-Store
2599,2025-07-29,Clothing,119.47,5,0,597.35,West,Online
3607,2025-07-29,Electronics,308.75,4,15,1049.75,South,In-Store
4590,2025-07-29,Clothing,36.7,5,0,183.5,South,Online
5009,2025-07-29,Clothing,25.65,4,20,82.08,West,In-Store
5268,2025-07-29,Electronics,611.09,2,0,1222.18,West,Online
5383,2025-07-29,Clothing,10.0,5,0,50.0,North,In-Store
5630,2025-07-29,Clothing,89.85,5,5,426.79,West,Online
1140,2025-07-30,Home & Kitchen,127.69,1,10,114.92,North,Online
1433,2025-07-30,Clothing,15.3,5,0,76.5,South,In-Store
1740,2025-07-30,Clothing,42.53,1,0,42.53,North,Online
2099,2025-07-30,Sports,21.5,2,0,43.0,South,Online
2262,2025-07-30,Electronics,218.99,5,0,1094.95,South,Online
2918,2025-07-30,Clothing,44.16,4,0,176.64,North,Online
4084,2025-07-30,Clothing,54.3,1,10,48.87,South,Online
4568,2025-07-30,Clothing,17.7,2,10,31.86,West,Online
5073,2025-07-30,Electronics,450.93,3,0,1352.79,South,Online
5551,2025-07-30,Clothing,98.84,1,0,98.84,South,Online
5760,2025-07-30,Home & Kitchen,226.8,1,15,192.78,East,In-Store
1106,2025-07-31,Clothing,49.06,1,0,49.06,North,Online
1512,2025-07-31,Electronics,640.5,5,15,2722.12,East,Online
3226,2025-07-31,Clothing,87.55,3,5,249.52,South,Online
3893,2025-07-31,Clothing,119.86,3,10,323.62,North,Online
4034,2025-07-31,Electronics,810.91,5,5,3851.82,West,In-Store
4683,2025-07-31,Clothing,102.78,3,0,308.34,South,In-Store
5296,2025-07-31,Electronics,703.86,4,0,2815.44,West,Online
5679,2025-07-31,Clothing,37.38,3,15,95.32,West,Online
5716,2025-07-31,Home & Kitchen,123.3,5,0,616.5,South,In-Store
5867,2025-07-31,Clothing,98.42,3,15,250.97,South,In-Store
5883,2025-07-31,Electronics,313.11,1,5,297.45,North,In-Store
1120,2025-08-01,Electronics,326.77,2,10,588.19,South,Online
1288,2025-08-01,Electronics,198.46,4,0,793.84,North,Online
1303,2025-08-01,Clothing,64.57,1,5,61.34,West,In-Store
1865,2025-08-01,Electronics,185.29,2,0,370.58,North,Online
2368,2025-08-01,Sports,135.4,1,0,135.4,West,In-Store
2758,2025-08-01,Home & Kitchen,182.16,5,0,910.8,North,In-Store
3273,2025-08-01,Books,12.46,3,0,37.38,South,Online
4999,2025-08-01,Electronics,423.42,2,0,846.84,North,In-Store
5095,2025-08-01,Home & Kitchen,143.64,3,15,366.28,East,Online
5914,2025-08-01,Home & Kitchen,60.28,3,0,180.84,West,In-Store
1101,2025-08-02,Electronics,805.18,5,10,3623.31,North,Online
1206,2025-08-02,Clothing,39.59,3,0,118.77,West,Online
1374,2025-08-02,Home & Kitchen,103.23,4,0,412.92,South,Online
1404,2025-08-02,Clothing,78.27,5,0,391.35,East,Online
1423,2025-08-02,Electronics,689.84,2,0,1379.68,South,In-Store
1620,2025-08-02,Clothing,86.97,2,0,173.94,South,Online
1727,2025-08-02,Electronics,749.37,2,0,1498.74,West,In-Store
1731,2025-08-02,Books,36.75,1,0,36.75,North,Online
1759,2025-08-02,Books,9.61,1,5,9.13,North,In-Store
1823,2025-08-02,Books,25.39,3,5,72.36,South,Online
2013,2025-08-02,Electronics,332.58,4,0,1330.32,West,Online
3210,2025-08-02,Home & Kitchen,30.28,2,10,54.5,West,Online
3224,2025-08-02,Books,32.63,2,10,58.73,West,Online
3283,2025-08-02,Clothing,14.42,2,0,28.84,East,In-Store
3391,2025-08-02,Sports,76.84,5,10,345.78,East,Online
4132,2025-08-02,Clothing,34.2,3,0,102.6,East,Online
4397,2025-08-02,Books,14.26,5,0,71.3,North,Online
4652,2025-08-02,Electronics,838.47,3,10,2263.87,South,Online
5266,2025-08-02,Home & Kitchen,42.87,1,0,42.87,East,Online
5715,2025-08-02,Electronics,167.39,5,5,795.1,North,In-Store
5956,2025-08-02,Home & Kitchen,176.47,5,0,882.35,North,Online
1009,2025-08-03,Clothing,115.73,5,0,578.65,West,In-Store
1421,2025-08-03,Books,19.18,3,0,57.54,South,Online
1550,2025-08-03,Clothing,57.65,2,0,115.3,West,In-Store
1695,2025-08-03,Sports,73.83,3,10,199.34,East,Online
1856,2025-08-03,Electronics,668.79,3,15,1705.41,East,Online
2561,2025-08-03,Home & Kitchen,123.71,4,5,470.1,West,Online
2855,2025-08-03,Electronics,841.57,2,0,1683.14,East,Online
4233,2025-08-03,Clothing,85.42,2,0,170.84,East,Online
4258,2025-08-03,Electronics,703.21,2,5,1336.1,South,Online
4989,2025-08-03,Clothing,35.41,1,0,35.41,East,Online
5277,2025-08-03,Clothing,39.13,1,20,31.3,South,Online
5306,2025-08-03,Electronics,322.42,5,0,1612.1,North,Online
5777,2025-08-03,Sports,66.13,3,0,198.39,North,In-Store
5881,2025-08-03,Electronics,409.94,4,5,1557.77,West,Online
1014,2025-08-04,Clothing,75.04,3,0,225.12,East,Online
1370,2025-08-04,Books,5.88,4,5,22.34,South,Online
1409,2025-08-04,Home & Kitchen,159.32,1,10,143.39,East,Online
2192,2025-08-04,Electronics,229.6,1,20,183.68,North,Online
2211,2025-08-04,Electronics,597.84,2,0,1195.68,West,Online
2444,2025-08-04,Electronics,808.9,2,0,1617.8,West,In-Store
4722,2025-08-04,Electronics,167.39,2,5,318.04,South,Online
4994,2025-08-04,Home & Kitchen,205.47,3,0,616.41,South,Online
5108,2025-08-04,Books,7.77,2,0,15.54,East,In-Store
1065,2025-08-05,Electronics,433.3,1,0,433.3,South,Online
1162,2025-08-05,Sports,125.68,1,0,125.68,East,Online
1431,2025-08-05,Sports,15.81,5,0,79.05,North,In-Store
1630,2025-08-05,Clothing,113.08,2,5,214.85,West,Online
2459,2025-08-05,Books,26.14,5,10,117.63,East,Online
2681,2025-08-05,Sports,45.35,4,0,181.4,South,In-Store
2748,2025-08-05,Electronics,166.77,3,0,500.31,North,Online
3206,2025-08-05,Clothing,61.37,3,0,184.11,North,Online
3458,2025-08-05,Electronics,484.05,4,10,1742.58,East,Online
3641,2025-08-05,Clothing,76.18,4,10,274.25,East,Online
3888,2025-08-05,Books,27.76,5,0,138.8,West,In-Store
4870,2025-08-05,Books,26.71,5,0,133.55,East,Online
4955,2025-08-05,Clothing,79.9,3,10,215.73,West,Online
5406,2025-08-05,Electronics,337.29,4,0,1349.16,West,In-Store
1008,2025-08-06,Home & Kitchen,110.88,4,0,443.52,South,In-Store
1588,2025-08-06,Electronics,517.04,1,5,491.19,East,Online
2387,2025-08-06,Clothing,96.01,5,0,480.05,South,Online
2501,2025-08-06,Clothing,112.81,5,0,564.05,West,Online
2625,2025-08-06,Clothing,84.48,5,0,422.4,South,In-Store
4517,2025-08-06,Books,6.68,2,0,13.36,North,In-Store
4788,2025-08-06,Books,28.55,1,0,28.55,East,Online
5080,2025-08-06,Home & Kitchen,82.54,2,5,156.83,North,Online
5329,2025-08-06,Books,27.47,4,0,109.88,West,In-Store
5791,2025-08-06,Clothing,39.36,3,0,118.08,West,In-Store
1410,2025-08-07,Home & Kitchen,210.33,4,0,841.32,East,In-Store
1501,2025-08-07,Clothing,18.14,3,5,51.7,South,Online
3146,2025-08-07,Electronics,243.37,4,0,973.48,East,Online
4269,2025-08-07,Clothing,15.12,4,10,54.43,South,In-Store
4562,2025-08-07,Electronics,772.72,4,0,3090.88,South,Online
4773,2025-08-07,Clothing,89.82,5,5,426.64,South,Online
5712,2025-08-07,Clothing,80.95,5,0,404.75,West,Online
5768,2025-08-07,Electronics,440.93,3,20,1058.23,East,In-Store
1239,2025-08-08,Electronics,603.72,1,10,543.35,North,Online
1624,2025-08-08,Books,14.09,2,0,28.18,North,Online
1960,2025-08-08,Electronics,583.66,5,0,2918.3,South,In-Store
2450,2025-08-08,Electronics,490.67,3,5,1398.41,South,In-Store
2611,2025-08-08,Clothing,117.02,5,10,526.59,West,Online
2928,2025-08-08,Home & Kitchen,105.9,5,0,529.5,West,Online
3116,2025-08-08,Clothing,89.21,1,0,89.21,North,Online
3135,2025-08-08,Home & Kitchen,244.39,3,0,733.17,West,In-Store
3282,2025-08-08,Books,16.83,4,0,67.32,South,In-Store
3542,2025-08-08,Electronics,536.24,1,0,536.24,East,Online
3554,2025-08-08,Home & Kitchen,165.69,3,10,447.36,South,Online
4064,2025-08-08,Electronics,824.89,3,0,2474.67,South,Online
4381,2025-08-08,Sports,197.6,4,0,790.4,East,In-Store
4437,2025-08-08,Clothing,22.44,1,10,20.2,East,Online
5667,2025-08-08,Sports,146.38,4,0,585.52,South,Online
1605,2025-08-09,Books,34.23,2,10,61.61,South,Online
2025,2025-08-09,Books,28.48,2,0,56.96,North,Online
3027,2025-08-09,Home & Kitchen,151.23,2,0,302.46,North,Online
3484,2025-08-09,Books,15.21,1,10,13.69,North,Online
3629,2025-08-09,Sports,128.29,4,10,461.84,South,In-Store
4390,2025-08-09,Electronics,784.76,5,0,3923.8,West,Online
4523,2025-08-09,Home & Kitchen,46.42,3,0,139.26,South,Online
5267,2025-08-09,Clothing,41.24,5,0,206.2,East,In-Store
5284,2025-08-09,Electronics,758.4,3,5,2161.44,South,In-Store
5404,2025-08-09,Sports,173.14,3,0,519.42,South,Online
1142,2025-08-10,Clothing,27.08,1,15,23.02,West,In-Store
1150,2025-08-10,Home & Kitchen,218.05,3,5,621.44,West,In-Store
1304,2025-08-10,Books,34.63,1,5,32.9,East,Online
2304,2025-08-10,Clothing,27.78,3,0,83.34,South,Online
2425,2025-08-10,Electronics,628.28,4,10,2261.81,West,In-Store
2772,2025-08-10,Electronics,249.25,2,0,498.5,South,In-Store
2947,2025-08-10,Home & Kitchen,220.31,1,0,220.31,South,Online
4162,2025-08-10,Sports,134.24,5,0,671.2,East,Online
5093,2025-08-10,Clothing,60.35,2,5,114.66,South,Online
5222,2025-08-10,Sports,116.56,5,5,553.66,West,Online
5249,2025-08-10,Clothing,13.92,1,20,11.14,East,In-Store
5426,2025-08-10,Home & Kitchen,51.78,3,0,155.34,North,Online
5776,2025-08-10,Clothing,83.53,5,0,417.65,North,Online
1111,2025-08-11,Books,25.16,3,20,60.38,West,Online
1147,2025-08-11,Home & Kitchen,39.99,2,10,71.98,East,In-Store
1234,2025-08-11,Home & Kitchen,140.0,4,0,560.0,South,Online
1389,2025-08-11,Clothing,99.84,4,0,399.36,North,In-Store
1822,2025-08-11,Clothing,72.09,4,0,288.36,South,Online
3207,2025-08-11,Books,39.91,2,10,71.84,North,Online
3600,2025-08-11,Sports,90.52,5,10,407.34,East,Online
4210,2025-08-11,Home & Kitchen,245.54,3,0,736.62,West,Online
4239,2025-08-11,Electronics,657.34,3,0,1972.02,East,In-Store
4251,2025-08-11,Home & Kitchen,227.32,3,0,681.96,North,In-Store
5096,2025-08-11,Home & Kitchen,31.78,5,0,158.9,East,In-Store
1444,2025-08-12,Home & Kitchen,197.82,2,0,395.64,East,Online
1656,2025-08-12,Clothing,16.23,4,5,61.67,South,Online
2042,2025-08-12,Books,12.33,5,10,55.48,East,In-Store
2050,2025-08-12,Home & Kitchen,224.11,4,0,896.44,East,Online
2157,2025-08-12,Books,24.99,4,0,99.96,East,Online
3091,2025-08-12,Clothing,25.91,4,0,103.64,West,In-Store
3243,2025-08-12,Clothing,50.06,4,0,200.24,West,In-Store
3905,2025-08-12,Clothing,48.55,3,10,131.08,South,Online
4173,2025-08-12,Electronics,163.51,5,0,817.55,East,Online
4361,2025-08-12,Home & Kitchen,183.79,1,0,183.79,North,Online
4658,2025-08-12,Electronics,870.51,3,5,2480.95,North,Online
4791,2025-08-12,Sports,138.36,3,0,415.08,North,Online
5059,2025-08-12,Home & Kitchen,127.32,3,10,343.76,East,In-Store
5468,2025-08-12,Home & Kitchen,202.47,2,10,364.45,West,Online
5615,2025-08-12,Books,16.19,2,20,25.9,South,In-Store
5682,2025-08-12,Books,32.74,4,5,124.41,South,Online
5982,2025-08-12,Electronics,735.15,2,0,1470.3,North,Online
1020,2025-08-13,Home & Kitchen,168.97,1,0,168.97,West,Online
2169,2025-08-13,Electronics,360.4,2,0,720.8,West,Online
2279,2025-08-13,Clothing,49.88,3,5,142.16,West,Online
2647,2025-08-13,Books,5.74,4,5,21.81,East,In-Store
3933,2025-08-13,Sports,135.28,4,0,541.12,North,In-Store
4760,2025-08-13,Electronics,309.15,2,0,618.3,South,Online
5105,2025-08-13,Books,11.52,5,10,51.84,East,Online
1037,2025-08-14,Home & Kitchen,168.37,1,0,168.37,North,Online
1093,2025-08-14,Home & Kitchen,155.68,3,0,467.04,East,In-Store
1198,2025-08-14,Books,19.92,5,5,94.62,North,Online
1454,2025-08-14,Electronics,525.45,5,0,2627.25,South,Online
1586,2025-08-14,Clothing,89.75,2,5,170.52,East,In-Store
1671,2025-08-14,Sports,104.3,2,5,198.17,North,In-Store
1718,2025-08-14,Electronics,555.95,5,15,2362.79,West,Online
2876,2025-08-14,Home & Kitchen,112.21,5,15,476.89,West,Online
3081,2025-08-14,Home & Kitchen,54.67,3,0,164.01,North,Online
3164,2025-08-14,Sports,122.52,3,5,349.18,East,Online
3636,2025-08-14,Electronics,638.93,1,0,638.93,West,In-Store
3652,2025-08-14,Electronics,503.64,3,20,1208.74,South,In-Store
3709,2025-08-14,Home & Kitchen,186.61,1,5,177.28,South,Online
3783,2025-08-14,Electronics,399.45,1,10,359.5,West,Online
4105,2025-08-14,Sports,143.42,5,0,717.1,East,Online
4136,2025-08-14,Electronics,665.56,1,0,665.56,West,Online
4212,2025-08-14,Electronics,372.86,3,0,1118.58,South,Online
4705,2025-08-14,Clothing,100.12,2,0,200.24,South,In-Store
5090,2025-08-14,Electronics,285.8,1,5,271.51,East,In-Store
5167,2025-08-14,Home & Kitchen,117.78,4,0,471.12,North,Online
5636,2025-08-14,Sports,155.41,4,5,590.56,North,Online
1172,2025-08-15,Books,5.74,5,15,24.4,North,Online
1358,2025-08-15,Sports,90.54,4,0,362.16,South,In-Store
2219,2025-08-15,Clothing,64.7,5,20,258.8,East,Online
2276,2025-08-15,Electronics,791.87,1,0,791.87,West,Online
2426,2025-08-15,Books,34.58,1,10,31.12,West,In-Store
2486,2025-08-15,Sports,75.93,5,20,303.72,North,Online
2725,2025-08-15,Electronics,855.71,5,10,3850.7,North,In-Store
3552,2025-08-15,Clothing,45.63,3,10,123.2,South,In-Store
3723,2025-08-15,Electronics,723.42,2,5,1374.5,South,Online
4342,2025-08-15,Clothing,84.34,1,0,84.34,South,In-Store
4495,2025-08-15,Clothing,33.89,2,10,61.0,North,Online
4525,2025-08-15,Books,18.89,5,5,89.73,West,In-Store
4758,2025-08-15,Electronics,450.92,5,5,2141.87,North,Online
4781,2025-08-15,Electronics,391.12,5,0,1955.6,West,Online
4952,2025-08-15,Clothing,20.79,4,20,66.53,North,Online
4961,2025-08-15,Clothing,12.13,5,0,60.65,West,Online
5024,2025-08-15,Clothing,64.13,3,10,173.15,West,In-Store
5120,2025-08-15,Clothing,89.61,2,5,170.26,East,Online
5338,2025-08-15,Sports,115.83,3,0,347.49,East,Online
5614,2025-08-15,Books,23.48,1,0,23.48,South,Online
5643,2025-08-15,Books,25.11,4,0,100.44,South,In-Store
5741,2025-08-15,Books,10.21,5,10,45.95,South,Online
5769,2025-08-15,Books,10.37,4,5,39.41,South,Online
5990,2025-08-15,Electronics,787.6,5,0,3938.0,North,Online
1995,2025-08-16,Home & Kitchen,62.42,3,0,187.26,West,In-Store
2236,2025-08-16,Books,23.57,5,0,117.85,North,In-Store
2463,2025-08-16,Home & Kitchen,218.62,5,10,983.79,East,Online
2703,2025-08-16,Sports,52.98,5,10,238.41,West,In-Store
2751,2025-08-16,Clothing,50.23,2,0,100.46,South,Online
2882,2025-08-16,Sports,108.84,2,5,206.8,South,Online
3208,2025-08-16,Home & Kitchen,145.98,4,0,583.92,South,In-Store
3620,2025-08-16,Sports,116.39,4,0,465.56,East,Online
4309,2025-08-16,Books,27.13,5,0,135.65,North,In-Store
4522,2025-08-16,Books,8.31,4,0,33.24,East,Online
4837,2025-08-16,Electronics,303.09,5,5,1439.68,West,Online
4967,2025-08-16,Home & Kitchen,100.21,1,0,100.21,North,In-Store
5114,2025-08-16,Clothing,28.51,3,0,85.53,West,Online
5483,2025-08-16,Clothing,14.69,1,10,13.22,East,In-Store
5559,2025-08-16,Books,35.17,5,0,175.85,North,In-Store
5575,2025-08-16,Electronics,612.29,4,0,2449.16,South,In-Store
1833,2025-08-17,Electronics,486.81,2,0,973.62,North,Online
2526,2025-08-17,Electronics,624.51,5,0,3122.55,South,Online
3031,2025-08-17,Clothing,43.92,2,0,87.84,West,In-Store
3202,2025-08-17,Clothing,85.74,1,15,72.88,West,Online
3212,2025-08-17,Clothing,99.24,1,0,99.24,East,Online
3545,2025-08-17,Clothing,104.63,4,0,418.52,North,Online
3921,2025-08-17,Electronics,736.08,1,0,736.08,West,Online
4396,2025-08-17,Clothing,24.65,3,0,73.95,East,In-Store
4417,2025-08-17,Sports,18.09,1,0,18.09,West,Online
4809,2025-08-17,Sports,185.33,3,0,555.99,East,In-Store
4843,2025-08-17,Clothing,96.23,4,10,346.43,West,Online
4867,2025-08-17,Clothing,93.58,3,0,280.74,South,In-Store
4878,2025-08-17,Electronics,313.93,1,5,298.23,East,In-Store
5276,2025-08-17,Electronics,594.44,1,0,594.44,South,Online
5344,2025-08-17,Clothing,106.0,2,5,201.4,East,In-Store
5862,2025-08-17,Sports,40.69,1,15,34.59,North,Online
5897,2025-08-17,Electronics,356.15,1,0,356.15,East,In-Store
1503,2025-08-18,Electronics,472.78,4,0,1891.12,West,Online
1691,2025-08-18,Clothing,26.93,3,0,80.79,West,Online
1761,2025-08-18,Electronics,295.9,3,0,887.7,East,In-Store
3070,2025-08-18,Clothing,86.52,4,0,346.08,North,Online
3163,2025-08-18,Books,9.51,1,0,9.51,West,Online
3324,2025-08-18,Home & Kitchen,152.4,3,15,388.62,North,In-Store
3738,2025-08-18,Electronics,429.56,3,0,1288.68,South,Online
4010,2025-08-18,Electronics,722.97,2,10,1301.35,South,Online
4100,2025-08-18,Electronics,455.06,3,0,1365.18,West,Online
4209,2025-08-18,Electronics,833.38,3,0,2500.14,West,Online
4465,2025-08-18,Home & Kitchen,127.17,3,0,381.51,North,Online
4628,2025-08-18,Sports,25.44,5,20,101.76,East,Online
5260,2025-08-18,Electronics,541.16,4,0,2164.64,North,Online
5758,2025-08-18,Electronics,610.1,3,5,1738.78,South,Online
5858,2025-08-18,Clothing,99.35,3,0,298.05,North,Online
1017,2025-08-19,Home & Kitchen,193.78,4,0,775.12,North,Online
1270,2025-08-19,Books,26.3,4,0,105.2,South,Online
2039,2025-08-19,Books,38.89,1,0,38.89,North,In-Store
2245,2025-08-19,Electronics,618.6,1,0,618.6,East,Online
2375,2025-08-19,Sports,172.39,5,0,861.95,North,Online
3141,2025-08-19,Electronics,800.09,4,0,3200.36,East,In-Store
3516,2025-08-19,Books,13.77,2,0,27.54,East,Online
3621,2025-08-19,Electronics,821.58,4,0,3286.32,South,In-Store
3703,2025-08-19,Home & Kitchen,117.55,2,20,188.08,North,Online
4035,2025-08-19,Clothing,105.36,4,0,421.44,South,In-Store
4439,2025-08-19,Books,5.82,3,0,17.46,North,Online
4564,2025-08-19,Home & Kitchen,27.26,4,0,109.04,West,Online
4577,2025-08-19,Electronics,535.0,5,0,2675.0,West,Online
4701,2025-08-19,Home & Kitchen,47.26,1,0,47.26,East,Online
4957,2025-08-19,Electronics,777.81,3,10,2100.09,East,Online
5041,2025-08-19,Books,34.79,1,5,33.05,West,Online
5175,2025-08-19,Clothing,46.33,2,0,92.66,North,Online
5849,2025-08-19,Clothing,67.78,5,10,305.01,East,Online
1262,2025-08-20,Clothing,75.53,1,0,75.53,West,Online
1296,2025-08-20,Home & Kitchen,88.2,3,5,251.37,West,In-Store
1832,2025-08-20,Sports,36.82,1,0,36.82,North,Online
1973,2025-08-20,Electronics,269.75,1,0,269.75,West,Online
2437,2025-08-20,Sports,79.98,4,5,303.92,West,Online
2441,2025-08-20,Home & Kitchen,53.79,4,0,215.16,South,Online
2883,2025-08-20,Home & Kitchen,152.6,1,0,152.6,North,In-Store
2999,2025-08-20,Sports,135.36,1,0,135.36,East,Online
3488,2025-08-20,Electronics,493.36,2,0,986.72,North,Online
3739,2025-08-20,Home & Kitchen,226.85,5,0,1134.25,East,Online
3740,2025-08-20,Clothing,58.31,1,5,55.39,West,Online
4192,2025-08-20,Clothing,67.02,3,20,160.85,North,In-Store
4255,2025-08-20,Electronics,682.33,3,10,1842.29,East,Online
4862,2025-08-20,Books,12.18,5,10,54.81,East,Online
4939,2025-08-20,Sports,45.33,5,0,226.65,North,Online
5036,2025-08-20,Electronics,248.12,2,0,496.24,South,Online
5258,2025-08-20,Electronics,397.08,3,0,1191.24,South,Online
5308,2025-08-20,Books,12.28,5,0,61.4,North,Online
5481,2025-08-20,Home & Kitchen,228.8,1,0,228.8,South,Online
5485,2025-08-20,Home & Kitchen,129.37,2,0,258.74,South,In-Store
5829,2025-08-20,Books,27.09,1,10,24.38,North,Online
2218,2025-08-21,Home & Kitchen,169.69,3,0,509.07,East,Online
3480,2025-08-21,Electronics,215.82,5,0,1079.1,South,Online
3588,2025-08-21,Clothing,89.41,2,0,178.82,North,Online
4792,2025-08-21,Electronics,353.74,5,0,1768.7,North,Online
5169,2025-08-21,Clothing,57.77,1,0,57.77,East,Online
5648,2025-08-21,Electronics,835.79,2,0,1671.58,East,In-Store
1397,2025-08-22,Home & Kitchen,92.04,5,0,460.2,East,Online
2139,2025-08-22,Clothing,16.68,1,0,16.68,South,Online
2286,2025-08-22,Home & Kitchen,73.21,1,0,73.21,East,Online
2412,2025-08-22,Electronics,176.1,5,0,880.5,South,In-Store
3633,2025-08-22,Electronics,403.43,4,0,1613.72,North,Online
3789,2025-08-22,Sports,29.32,4,0,117.28,North,Online
4325,2025-08-22,Sports,29.33,1,0,29.33,South,Online
4918,2025-08-22,Books,20.09,1,0,20.09,South,Online
5707,2025-08-22,Books,19.55,3,0,58.65,East,Online
1306,2025-08-23,Home & Kitchen,144.1,5,5,684.48,South,Online
1388,2025-08-23,Clothing,73.49,2,0,146.98,North,Online
1546,2025-08-23,Sports,170.83,1,0,170.83,West,Online
2280,2025-08-23,Clothing,48.99,1,5,46.54,South,Online
2295,2025-08-23,Clothing,90.57,1,0,90.57,East,Online
2325,2025-08-23,Sports,156.15,1,15,132.73,West,In-Store
2856,2025-08-23,Home & Kitchen,76.14,1,0,76.14,South,In-Store
3078,2025-08-23,Electronics,172.35,5,10,775.58,North,Online
3152,2025-08-23,Home & Kitchen,104.04,4,10,374.54,North,Online
3358,2025-08-23,Clothing,47.43,2,0,94.86,East,Online
3650,2025-08-23,Home & Kitchen,94.99,4,20,303.97,West,In-Store
3762,2025-08-23,Clothing,76.72,5,0,383.6,West,Online
5274,2025-08-23,Clothing,75.96,5,0,379.8,East,Online
1091,2025-08-24,Clothing,106.43,1,0,106.43,North,Online
1200,2025-08-24,Electronics,698.45,5,5,3317.64,East,In-Store
1408,2025-08-24,Sports,106.01,2,0,212.02,West,Online
1581,2025-08-24,Home & Kitchen,203.61,5,10,916.25,South,Online
2300,2025-08-24,Books,39.72,2,0,79.44,East,In-Store
2423,2025-08-24,Books,19.55,1,0,19.55,West,Online
3215,2025-08-24,Electronics,172.34,3,0,517.02,East,Online
3673,2025-08-24,Books,19.24,2,5,36.56,South,Online
4476,2025-08-24,Clothing,30.61,3,0,91.83,North,Online
4686,2025-08-24,Home & Kitchen,100.66,2,10,181.19,West,Online
5184,2025-08-24,Clothing,80.75,5,0,403.75,North,Online
1052,2025-08-25,Home & Kitchen,239.62,5,0,1198.1,South,In-Store
1622,2025-08-25,Clothing,34.89,3,5,99.44,West,In-Store
1844,2025-08-25,Electronics,888.49,5,0,4442.45,East,In-Store
1928,2025-08-25,Clothing,28.32,3,0,84.96,West,Online
1997,2025-08-25,Books,11.94,2,15,20.3,East,Online
2027,2025-08-25,Clothing,93.84,3,0,281.52,West,Online
2061,2025-08-25,Home & Kitchen,114.49,1,0,114.49,North,In-Store
2199,2025-08-25,Electronics,210.53,5,15,894.75,South,In-Store
3221,2025-08-25,Home & Kitchen,177.26,2,0,354.52,East,Online
3608,2025-08-25,Sports,121.16,5,5,575.51,North,Online
3791,2025-08-25,Home & Kitchen,147.5,1,0,147.5,South,Online
4067,2025-08-25,Electronics,473.23,3,0,1419.69,North,In-Store
4572,2025-08-25,Electronics,317.58,2,0,635.16,South,In-Store
4750,2025-08-25,Sports,65.39,4,10,235.4,North,Online
4877,2025-08-25,Books,14.84,5,0,74.2,North,In-Store
5500,2025-08-25,Home & Kitchen,75.48,1,0,75.48,West,Online
5805,2025-08-25,Electronics,870.03,4,0,3480.12,West,Online
5863,2025-08-25,Clothing,93.58,4,0,374.32,South,Online
1697,2025-08-26,Home & Kitchen,112.16,1,0,112.16,East,Online
1816,2025-08-26,Electronics,823.05,2,0,1646.1,West,In-Store
2046,2025-08-26,Clothing,46.25,4,0,185.0,South,Online
2092,2025-08-26,Books,31.33,3,0,93.99,East,Online
3033,2025-08-26,Home & Kitchen,59.61,5,5,283.15,East,In-Store
3235,2025-08-26,Clothing,61.99,1,0,61.99,North,Online
3296,2025-08-26,Clothing,100.48,1,5,95.46,West,In-Store
3353,2025-08-26,Home & Kitchen,147.55,4,0,590.2,North,Online
4007,2025-08-26,Home & Kitchen,170.45,1,0,170.45,West,In-Store
4096,2025-08-26,Electronics,492.29,1,15,418.45,West,Online
4331,2025-08-26,Clothing,103.17,3,5,294.03,North,Online
4946,2025-08-26,Clothing,43.37,5,0,216.85,South,Online
5069,2025-08-26,Sports,112.55,3,0,337.65,North,Online
1104,2025-08-27,Electronics,800.41,3,0,2401.23,East,Online
1577,2025-08-27,Clothing,78.09,5,0,390.45,South,Online
1635,2025-08-27,Home & Kitchen,147.96,4,0,591.84,West,Online
2381,2025-08-27,Electronics,710.49,5,0,3552.45,North,Online
3396,2025-08-27,Electronics,177.53,2,0,355.06,East,In-Store
3479,2025-08-27,Clothing,71.56,1,0,71.56,North,Online
5330,2025-08-27,Clothing,111.46,3,20,267.5,South,In-Store
5446,2025-08-27,Electronics,733.69,2,0,1467.38,North,Online
1083,2025-08-28,Electronics,833.2,5,5,3957.7,South,In-Store
2043,2025-08-28,Electronics,229.68,5,0,1148.4,West,In-Store
2554,2025-08-28,Books,24.09,2,0,48.18,North,Online
2680,2025-08-28,Home & Kitchen,106.19,1,0,106.19,South,In-Store
2765,2025-08-28,Books,25.83,2,0,51.66,East,Online
2787,2025-08-28,Electronics,165.21,2,0,330.42,North,In-Store
3029,2025-08-28,Home & Kitchen,106.39,2,10,191.5,South,Online
3500,2025-08-28,Books,34.76,2,5,66.04,West,In-Store
3584,2025-08-28,Electronics,801.0,4,10,2883.6,South,Online
3705,2025-08-28,Electronics,247.51,2,5,470.27,North,In-Store
5220,2025-08-28,Clothing,55.87,4,5,212.31,West,In-Store
5594,2025-08-28,Clothing,33.14,4,10,119.3,West,Online
5658,2025-08-28,Books,33.94,4,5,128.97,West,Online
1427,2025-08-29,Clothing,15.15,1,0,15.15,East,Online
1629,2025-08-29,Home & Kitchen,66.98,4,0,267.92,South,In-Store
2292,2025-08-29,Clothing,98.18,4,10,353.45,North,Online
2640,2025-08-29,Books,26.57,1,10,23.91,South,Online
2700,2025-08-29,Books,10.36,4,0,41.44,South,Online
3402,2025-08-29,Home & Kitchen,205.76,3,0,617.28,North,In-Store
3503,2025-08-29,Clothing,80.87,1,0,80.87,West,In-Store
4095,2025-08-29,Sports,148.38,2,0,296.76,East,Online
4521,2025-08-29,Home & Kitchen,211.17,2,0,422.34,West,Online
4713,2025-08-29,Electronics,341.29,1,10,307.16,West,Online
1233,2025-08-30,Books,5.17,2,10,9.31,North,Online
1257,2025-08-30,Electronics,326.43,4,0,1305.72,South,Online
1631,2025-08-30,Books,24.68,5,0,123.4,East,Online
1944,2025-08-30,Electronics,767.25,3,10,2071.58,South,In-Store
2029,2025-08-30,Books,16.19,4,0,64.76,South,In-Store
2055,2025-08-30,Books,20.06,1,0,20.06,North,Online
2116,2025-08-30,Sports,51.49,2,0,102.98,West,In-Store
2231,2025-08-30,Home & Kitchen,160.92,1,0,160.92,South,Online
2823,2025-08-30,Clothing,83.93,4,0,335.72,East,In-Store
3428,2025-08-30,Sports,73.48,4,0,293.92,East,Online
4115,2025-08-30,Electronics,575.24,5,0,2876.2,North,Online
4727,2025-08-30,Clothing,104.38,1,15,88.72,East,Online
4956,2025-08-30,Clothing,116.1,3,5,330.88,North,Online
5610,2025-08-30,Home & Kitchen,226.87,2,0,453.74,South,Online
5746,2025-08-30,Books,9.22,4,20,29.5,East,Online
5822,2025-08-30,Sports,74.35,4,0,297.4,West,In-Store
1128,2025-08-31,Clothing,88.78,3,20,213.07,North,In-Store
1686,2025-08-31,Clothing,90.33,5,0,451.65,East,Online
2149,2025-08-31,Clothing,41.27,4,0,165.08,South,Online
2791,2025-08-31,Sports,180.95,3,0,542.85,South,Online
3024,2025-08-31,Clothing,85.4,5,10,384.3,West,In-Store
3173,2025-08-31,Electronics,509.72,5,5,2421.17,South,Online
3315,2025-08-31,Books,12.57,5,0,62.85,North,Online
3459,2025-08-31,Clothing,15.75,3,0,47.25,West,Online
3472,2025-08-31,Sports,35.41,5,0,177.05,East,Online
3717,2025-08-31,Clothing,73.13,1,0,73.13,West,In-Store
4119,2025-08-31,Electronics,893.36,2,0,1786.72,South,In-Store
4308,2025-08-31,Electronics,152.58,1,0,152.58,North,Online
5209,2025-08-31,Home & Kitchen,170.01,2,10,306.02,East,Online
5470,2025-08-31,Books,7.46,4,0,29.84,West,In-Store
5879,2025-08-31,Electronics,368.18,2,20,589.09,East,Online
1510,2025-09-01,Sports,184.19,4,0,736.76,East,Online
1976,2025-09-01,Electronics,760.28,2,20,1216.45,West,Online
2220,2025-09-01,Electronics,342.82,1,15,291.4,South,Online
2290,2025-09-01,Home & Kitchen,191.73,2,0,383.46,North,Online
2688,2025-09-01,Books,29.92,2,5,56.85,North,Online
2881,2025-09-01,Electronics,433.61,4,10,1561.0,North,In-Store
2960,2025-09-01,Home & Kitchen,245.23,3,10,662.12,North,Online
3153,2025-09-01,Books,10.36,3,0,31.08,North,Online
3154,2025-09-01,Clothing,100.74,2,0,201.48,East,In-Store
3934,2025-09-01,Books,7.68,2,0,15.36,North,Online
4159,2025-09-01,Home & Kitchen,39.67,1,0,39.67,North,Online
4801,2025-09-01,Books,7.83,3,10,21.14,North,In-Store
1232,2025-09-02,Electronics,227.48,3,0,682.44,South,In-Store
1324,2025-09-02,Electronics,789.55,2,0,1579.1,East,Online
1663,2025-09-02,Home & Kitchen,84.16,3,0,252.48,East,Online
1989,2025-09-02,Electronics,529.6,1,0,529.6,North,In-Store
2281,2025-09-02,Books,37.54,3,0,112.62,North,Online
2403,2025-09-02,Electronics,408.38,4,5,1551.84,West,Online
2572,2025-09-02,Books,8.65,1,5,8.22,South,In-Store
2742,2025-09-02,Clothing,88.33,3,0,264.99,North,In-Store
2920,2025-09-02,Electronics,449.47,1,10,404.52,West,In-Store
3606,2025-09-02,Books,9.05,5,0,45.25,East,Online
4552,2025-09-02,Home & Kitchen,146.98,1,0,146.98,West,Online
4647,2025-09-02,Home & Kitchen,170.07,3,20,408.17,South,Online
5405,2025-09-02,Books,11.12,4,0,44.48,West,Online
5941,2025-09-02,Clothing,88.98,3,15,226.9,South,In-Store
1708,2025-09-03,Electronics,760.79,1,0,760.79,East,Online
1950,2025-09-03,Electronics,240.28,4,0,961.12,East,In-Store
2638,2025-09-03,Clothing,57.23,2,15,97.29,South,In-Store
2780,2025-09-03,Clothing,68.45,1,0,68.45,North,Online
2827,2025-09-03,Home & Kitchen,94.94,3,15,242.1,East,Online
2984,2025-09-03,Clothing,42.39,2,10,76.3,East,In-Store
3058,2025-09-03,Sports,121.64,1,10,109.48,West,In-Store
3119,2025-09-03,Electronics,232.71,4,5,884.3,North,In-Store
3265,2025-09-03,Books,19.08,5,0,95.4,West,Online
3437,2025-09-03,Books,37.24,4,0,148.96,North,Online
3630,2025-09-03,Home & Kitchen,222.33,3,0,666.99,North,Online
3735,2025-09-03,Books,37.09,5,10,166.91,North,Online
4616,2025-09-03,Books,9.61,3,0,28.83,South,Online
4913,2025-09-03,Sports,18.88,1,0,18.88,West,In-Store
5185,2025-09-03,Home & Kitchen,229.67,5,0,1148.35,North,In-Store
5322,2025-09-03,Home & Kitchen,243.92,5,0,1219.6,East,Online
5410,2025-09-03,Electronics,620.42,3,0,1861.26,West,Online
5482,2025-09-03,Electronics,333.03,1,5,316.38,West,In-Store
5660,2025-09-03,Electronics,775.05,1,0,775.05,West,Online
1461,2025-09-04,Home & Kitchen,216.47,4,0,865.88,East,Online
1964,2025-09-04,Electronics,337.76,2,0,675.52,East,In-Store
2698,2025-09-04,Books,23.96,2,0,47.92,North,Online
3770,2025-09-04,Books,37.88,1,20,30.3,North,Online
3951,2025-09-04,Home & Kitchen,38.92,1,20,31.14,South,In-Store
4103,2025-09-04,Home & Kitchen,76.8,4,0,307.2,North,In-Store
4219,2025-09-04,Electronics,182.06,1,0,182.06,East,In-Store
4838,2025-09-04,Home & Kitchen,124.24,4,0,496.96,East,In-Store
5117,2025-09-04,Home & Kitchen,36.98,1,15,31.43,North,In-Store
5311,2025-09-04,Home & Kitchen,135.76,5,0,678.8,East,Online
5496,2025-09-04,Electronics,544.39,5,10,2449.76,East,Online
1507,2025-09-05,Clothing,87.13,1,0,87.13,North,Online
1779,2025-09-05,Home & Kitchen,149.36,2,0,298.72,North,In-Store
1842,2025-09-05,Books,31.61,3,0,94.83,East,Online
2517,2025-09-05,Home & Kitchen,249.23,5,5,1183.84,West,In-Store
2838,2025-09-05,Electronics,825.49,5,10,3714.7,North,Online
3969,2025-09-05,Clothing,57.26,2,5,108.79,West,In-Store
4029,2025-09-05,Electronics,180.95,2,0,361.9,South,Online
4240,2025-09-05,Clothing,10.11,4,0,40.44,North,Online
5238,2025-09-05,Books,36.19,3,20,86.86,North,Online
2051,2025-09-06,Electronics,860.67,1,0,860.67,West,Online
2338,2025-09-06,Electronics,317.86,2,0,635.72,West,In-Store
2432,2025-09-06,Electronics,607.28,5,0,3036.4,West,Online
2627,2025-09-06,Clothing,84.0,2,0,168.0,West,In-Store
3429,2025-09-06,Electronics,812.82,3,15,2072.69,North,Online
3614,2025-09-06,Sports,182.42,1,0,182.42,East,Online
4299,2025-09-06,Sports,151.16,1,5,143.6,West,Online
4339,2025-09-06,Clothing,62.79,4,0,251.16,West,Online
4580,2025-09-06,Electronics,563.88,1,0,563.88,North,Online
5300,2025-09-06,Sports,119.06,1,5,113.11,North,Online
5622,2025-09-06,Electronics,891.94,5,0,4459.7,West,Online
1618,2025-09-07,Electronics,700.41,1,0,700.41,North,Online
1825,2025-09-07,Home & Kitchen,139.44,2,0,278.88,North,In-Store
2019,2025-09-07,Sports,134.18,3,10,362.29,West,In-Store
2320,2025-09-07,Electronics,247.42,1,0,247.42,South,Online
2355,2025-09-07,Clothing,108.73,5,5,516.47,South,Online
2620,2025-09-07,Books,27.07,4,15,92.04,West,Online
2678,2025-09-07,Home & Kitchen,207.02,3,5,590.01,South,In-Store
2684,2025-09-07,Home & Kitchen,186.57,2,15,317.17,East,Online
3068,2025-09-07,Electronics,246.04,5,15,1045.67,South,Online
3287,2025-09-07,Electronics,638.98,2,0,1277.96,North,In-Store
3590,2025-09-07,Books,21.05,4,0,84.2,South,Online
3944,2025-09-07,Books,15.34,3,0,46.02,West,Online
4511,2025-09-07,Electronics,705.65,4,5,2681.47,South,In-Store
5357,2025-09-07,Books,33.37,4,0,133.48,East,In-Store
1214,2025-09-08,Clothing,82.69,4,0,330.76,South,In-Store
1875,2025-09-08,Electronics,811.96,5,10,3653.82,West,In-Store
2880,2025-09-08,Home & Kitchen,29.67,2,0,59.34,South,In-Store
3043,2025-09-08,Home & Kitchen,23.72,2,0,47.44,West,Online
3175,2025-09-08,Home & Kitchen,95.02,5,0,475.1,East,In-Store
3330,2025-09-08,Books,7.13,3,0,21.39,North,Online
3908,2025-09-08,Home & Kitchen,197.65,3,0,592.95,South,Online
4625,2025-09-08,Sports,182.29,5,0,911.45,South,In-Store
5703,2025-09-08,Clothing,50.46,5,10,227.07,North,Online
5730,2025-09-08,Clothing,116.18,3,0,348.54,North,Online
1464,2025-09-09,Electronics,536.01,3,0,1608.03,South,Online
2377,2025-09-09,Home & Kitchen,58.18,1,0,58.18,East,Online
2378,2025-09-09,Electronics,158.64,3,0,475.92,South,Online
2466,2025-09-09,Electronics,628.76,3,5,1791.97,South,In-Store
2531,2025-09-09,Electronics,752.01,2,0,1504.02,South,Online
2622,2025-09-09,Electronics,475.45,5,0,2377.25,North,Online
3750,2025-09-09,Clothing,114.51,4,0,458.04,North,Online
3761,2025-09-09,Home & Kitchen,203.21,2,5,386.1,East,In-Store
4224,2025-09-09,Clothing,58.03,5,0,290.15,West,In-Store
4294,2025-09-09,Clothing,77.5,2,0,155.0,South,Online
4497,2025-09-09,Books,39.3,2,5,74.67,North,In-Store
4690,2025-09-09,Clothing,82.87,5,0,414.35,West,Online
5150,2025-09-09,Home & Kitchen,168.29,3,0,504.87,North,In-Store
5834,2025-09-09,Clothing,45.56,1,0,45.56,East,Online
1562,2025-09-10,Home & Kitchen,241.07,3,0,723.21,East,In-Store
2082,2025-09-10,Clothing,95.74,1,0,95.74,West,In-Store
2095,2025-09-10,Sports,69.52,4,0,278.08,East,Online
2410,2025-09-10,Books,11.3,1,0,11.3,East,In-Store
2861,2025-09-10,Home & Kitchen,165.85,2,0,331.7,East,Online
4000,2025-09-10,Clothing,64.5,1,0,64.5,North,Online
4245,2025-09-10,Electronics,547.4,3,0,1642.2,South,In-Store
1317,2025-09-11,Clothing,75.93,3,0,227.79,East,Online
2047,2025-09-11,Electronics,805.02,1,0,805.02,West,In-Store
2208,2025-09-11,Home & Kitchen,169.47,5,0,847.35,West,In-Store
2254,2025-09-11,Electronics,616.1,5,0,3080.5,North,Online
2860,2025-09-11,Books,19.24,3,5,54.83,North,Online
5152,2025-09-11,Electronics,442.89,4,0,1771.56,North,Online
5528,2025-09-11,Books,18.72,2,0,37.44,North,In-Store
1026,2025-09-12,Sports,102.01,2,10,183.62,South,Online
1145,2025-09-12,Electronics,228.08,5,0,1140.4,East,In-Store
1845,2025-09-12,Home & Kitchen,150.05,5,0,750.25,South,Online
2519,2025-09-12,Electronics,534.02,2,15,907.83,North,Online
2845,2025-09-12,Clothing,24.5,1,0,24.5,South,Online
3053,2025-09-12,Sports,167.15,3,0,501.45,East,Online
3237,2025-09-12,Books,39.27,3,0,117.81,South,In-Store
3820,2025-09-12,Clothing,20.63,2,0,41.26,West,In-Store
4374,2025-09-12,Electronics,671.72,5,5,3190.67,North,In-Store
4405,2025-09-12,Home & Kitchen,94.75,2,0,189.5,North,In-Store
5127,2025-09-12,Sports,124.88,5,5,593.18,South,In-Store
5244,2025-09-12,Clothing,29.27,5,0,146.35,East,Online
5891,2025-09-12,Home & Kitchen,228.43,5,0,1142.15,North,Online
1594,2025-09-13,Electronics,567.59,5,20,2270.36,East,Online
1645,2025-09-13,Books,32.17,2,0,64.34,North,Online
3271,2025-09-13,Clothing,15.27,1,0,15.27,South,Online
3272,2025-09-13,Books,21.57,5,5,102.46,South,In-Store
3979,2025-09-13,Electronics,160.76,4,20,514.43,North,Online
4242,2025-09-13,Books,13.13,3,0,39.39,East,Online
4355,2025-09-13,Home & Kitchen,67.37,2,0,134.74,North,In-Store
4463,2025-09-13,Home & Kitchen,128.83,5,0,644.15,West,In-Store
4852,2025-09-13,Electronics,644.72,4,0,2578.88,West,Online
5047,2025-09-13,Home & Kitchen,75.38,5,5,358.05,East,In-Store
5126,2025-09-13,Clothing,37.34,2,0,74.68,North,In-Store
5788,2025-09-13,Books,8.53,2,0,17.06,North,Online
1201,2025-09-14,Home & Kitchen,186.62,2,10,335.92,North,Online
1228,2025-09-14,Home & Kitchen,155.21,4,0,620.84,North,Online
2089,2025-09-14,Sports,86.79,5,0,433.95,East,Online
2109,2025-09-14,Clothing,65.34,4,10,235.22,West,In-Store
2154,2025-09-14,Home & Kitchen,125.83,2,5,239.08,East,In-Store
2275,2025-09-14,Home & Kitchen,80.63,1,15,68.54,West,Online
2358,2025-09-14,Electronics,283.97,3,0,851.91,West,Online
2390,2025-09-14,Books,39.8,5,0,199.0,North,Online
2596,2025-09-14,Electronics,630.02,5,5,2992.6,North,Online
2601,2025-09-14,Electronics,339.64,5,0,1698.2,West,Online
3741,2025-09-14,Clothing,50.57,3,0,151.71,West,In-Store
3840,2025-09-14,Sports,36.21,2,0,72.42,South,Online
4744,2025-09-14,Books,13.26,1,15,11.27,South,Online
4992,2025-09-14,Home & Kitchen,53.7,4,0,214.8,South,Online
1874,2025-09-15,Home & Kitchen,179.37,1,0,179.37,North,In-Store
2234,2025-09-15,Sports,92.31,1,0,92.31,South,In-Store
2409,2025-09-15,Electronics,324.79,4,0,1299.16,South,Online
3473,2025-09-15,Sports,196.6,1,5,186.77,South,Online
3609,2025-09-15,Home & Kitchen,185.34,2,15,315.08,West,Online
4553,2025-09-15,Electronics,345.47,1,0,345.47,South,Online
5179,2025-09-15,Clothing,37.73,2,0,75.46,West,Online
1115,2025-09-16,Electronics,402.45,2,20,643.92,North,Online
1323,2025-09-16,Electronics,168.14,5,0,840.7,South,Online
1346,2025-09-16,Books,10.91,1,0,10.91,West,Online
1932,2025-09-16,Home & Kitchen,222.11,1,0,222.11,North,In-Store
2024,2025-09-16,Electronics,496.53,2,0,993.06,West,In-Store
2957,2025-09-16,Electronics,731.04,4,0,2924.16,East,Online
3169,2025-09-16,Clothing,10.15,2,20,16.24,North,Online
3857,2025-09-16,Home & Kitchen,155.74,5,0,778.7,North,In-Store
4049,2025-09-16,Sports,160.61,3,0,481.83,West,Online
4101,2025-09-16,Sports,29.9,3,10,80.73,East,Online
4188,2025-09-16,Books,27.84,3,15,70.99,South,Online
5564,2025-09-16,Books,10.34,4,0,41.36,East,Online
5806,2025-09-16,Clothing,12.19,5,0,60.95,South,Online
1701,2025-09-17,Clothing,75.48,1,0,75.48,North,Online
1909,2025-09-17,Clothing,96.8,5,20,387.2,West,In-Store
2228,2025-09-17,Home & Kitchen,223.26,1,0,223.26,North,Online
2363,2025-09-17,Books,22.02,2,10,39.64,North,In-Store
2704,2025-09-17,Sports,43.26,5,0,216.3,West,Online
2782,2025-09-17,Home & Kitchen,128.98,5,0,644.9,North,Online
2795,2025-09-17,Electronics,578.52,1,0,578.52,North,In-Store
2917,2025-09-17,Home & Kitchen,222.15,1,0,222.15,West,In-Store
3120,2025-09-17,Books,21.88,1,5,20.79,East,Online
3127,2025-09-17,Home & Kitchen,167.46,5,0,837.3,West,Online
4041,2025-09-17,Home & Kitchen,134.57,1,15,114.38,East,Online
4191,2025-09-17,Clothing,108.47,4,5,412.19,East,Online
1180,2025-09-18,Clothing,33.8,1,0,33.8,East,Online
1184,2025-09-18,Sports,67.06,4,5,254.83,East,Online
1310,2025-09-18,Books,14.73,3,5,41.98,West,In-Store
2590,2025-09-18,Home & Kitchen,57.47,4,0,229.88,West,Online
2774,2025-09-18,Sports,39.87,3,0,119.61,West,Online
2830,2025-09-18,Clothing,93.09,5,0,465.45,East,Online
3404,2025-09-18,Clothing,20.53,2,15,34.9,South,Online
4365,2025-09-18,Clothing,85.31,1,0,85.31,North,Online
4719,2025-09-18,Books,9.95,2,20,15.92,West,Online
5062,2025-09-18,Home & Kitchen,208.81,1,5,198.37,West,In-Store
5125,2025-09-18,Home & Kitchen,21.67,4,0,86.68,East,Online
5172,2025-09-18,Home & Kitchen,191.31,3,0,573.93,West,In-Store
5208,2025-09-18,Clothing,61.57,3,0,184.71,North,In-Store
5270,2025-09-18,Sports,28.81,4,0,115.24,East,Online
5364,2025-09-18,Electronics,741.47,3,0,2224.41,West,Online
5367,2025-09-18,Sports,177.72,4,0,710.88,East,Online
5487,2025-09-18,Electronics,233.85,1,20,187.08,South,Online
5905,2025-09-18,Sports,89.85,5,10,404.32,North,Online
1628,2025-09-19,Clothing,30.09,5,0,150.45,East,In-Store
1824,2025-09-19,Electronics,650.01,1,0,650.01,East,Online
2060,2025-09-19,Electronics,351.38,4,0,1405.52,West,In-Store
2613,2025-09-19,Sports,143.2,1,0,143.2,North,Online
2916,2025-09-19,Electronics,522.51,5,0,2612.55,North,Online
3005,2025-09-19,Home & Kitchen,38.72,3,0,116.16,North,Online
3395,2025-09-19,Books,11.97,2,0,23.94,West,Online
4139,2025-09-19,Home & Kitchen,195.31,5,0,976.55,West,In-Store
4388,2025-09-19,Clothing,14.04,2,5,26.68,South,Online
4630,2025-09-19,Clothing,111.9,1,5,106.3,West,Online
4724,2025-09-19,Home & Kitchen,174.94,4,5,664.77,West,Online
5491,2025-09-19,Sports,157.57,4,0,630.28,North,In-Store
1030,2025-09-20,Clothing,99.89,1,0,99.89,West,Online
1253,2025-09-20,Sports,84.1,5,0,420.5,South,Online
1283,2025-09-20,Clothing,16.85,4,10,60.66,West,In-Store
1692,2025-09-20,Clothing,61.28,1,0,61.28,West,In-Store
1808,2025-09-20,Home & Kitchen,145.26,5,0,726.3,South,Online
1988,2025-09-20,Home & Kitchen,30.24,3,0,90.72,West,Online
2693,2025-09-20,Books,36.07,3,0,108.21,West,Online
3826,2025-09-20,Sports,116.22,2,0,232.44,South,In-Store
3907,2025-09-20,Electronics,878.3,3,0,2634.9,North,Online
4092,2025-09-20,Clothing,119.42,2,5,226.9,West,Online
4884,2025-09-20,Clothing,100.54,3,10,271.46,North,Online
5002,2025-09-20,Books,13.77,2,0,27.54,West,Online
5193,2025-09-20,Books,6.04,5,0,30.2,North,In-Store
1146,2025-09-21,Electronics,332.38,3,5,947.28,West,Online
1165,2025-09-21,Clothing,93.49,5,20,373.96,South,Online
1236,2025-09-21,Electronics,325.92,2,15,554.06,North,In-Store
1264,2025-09-21,Books,27.78,4,0,111.12,North,Online
1266,2025-09-21,Clothing,19.76,5,5,93.86,North,Online
1415,2025-09-21,Books,8.14,3,0,24.42,North,Online
1437,2025-09-21,Clothing,91.25,4,0,365.0,South,Online
2530,2025-09-21,Sports,49.89,3,0,149.67,North,Online
2934,2025-09-21,Clothing,57.82,1,0,57.82,West,Online
3557,2025-09-21,Sports,51.86,3,20,124.46,North,Online
3821,2025-09-21,Clothing,52.07,1,5,49.47,East,Online
5549,2025-09-21,Books,33.71,5,0,168.55,East,In-Store
1365,2025-09-22,Electronics,501.58,1,0,501.58,South,Online
1378,2025-09-22,Sports,67.64,1,10,60.88,West,Online
1713,2025-09-22,Electronics,764.71,5,0,3823.55,East,In-Store
1920,2025-09-22,Electronics,717.48,5,0,3587.4,South,Online
2115,2025-09-22,Sports,163.03,2,5,309.76,East,In-Store
2354,2025-09-22,Electronics,692.2,2,0,1384.4,East,In-Store
2478,2025-09-22,Electronics,540.43,2,5,1026.82,West,Online
2480,2025-09-22,Electronics,447.92,4,15,1522.93,West,In-Store
3303,2025-09-22,Books,29.48,2,0,58.96,West,Online
3416,2025-09-22,Home & Kitchen,164.8,3,0,494.4,East,In-Store
3539,2025-09-22,Clothing,36.81,2,0,73.62,West,In-Store
3669,2025-09-22,Electronics,627.71,1,0,627.71,West,In-Store
4679,2025-09-22,Electronics,895.22,2,0,1790.44,East,Online
4752,2025-09-22,Electronics,857.92,4,10,3088.51,East,Online
4883,2025-09-22,Sports,90.41,1,0,90.41,South,Online
5340,2025-09-22,Home & Kitchen,191.77,2,0,383.54,South,In-Store
5537,2025-09-22,Sports,20.55,1,5,19.52,South,Online
5763,2025-09-22,Books,6.73,2,10,12.11,East,Online
1809,2025-09-23,Electronics,440.6,5,0,2203.0,East,Online
2085,2025-09-23,Home & Kitchen,193.96,3,10,523.69,East,Online
2515,2025-09-23,Clothing,99.18,3,20,238.03,East,Online
2551,2025-09-23,Electronics,714.74,1,0,714.74,South,Online
2800,2025-09-23,Books,23.26,5,0,116.3,West,In-Store
3191,2025-09-23,Home & Kitchen,198.11,1,15,168.39,South,Online
3377,2025-09-23,Clothing,58.69,1,0,58.69,West,In-Store
3702,2025-09-23,Home & Kitchen,172.16,4,0,688.64,East,Online
3751,2025-09-23,Electronics,562.5,4,10,2025.0,West,Online
3819,2025-09-23,Sports,62.09,5,20,248.36,West,In-Store
3874,2025-09-23,Electronics,200.37,2,10,360.67,East,In-Store
5004,2025-09-23,Electronics,163.02,3,15,415.7,South,Online
5473,2025-09-23,Electronics,358.48,3,0,1075.44,East,Online
5576,2025-09-23,Home & Kitchen,92.18,1,20,73.74,South,Online
5621,2025-09-23,Books,39.49,4,0,157.96,South,Online
1208,2025-09-24,Clothing,21.54,1,0,21.54,West,In-Store
1643,2025-09-24,Clothing,95.82,1,0,95.82,West,Online
1690,2025-09-24,Clothing,100.21,2,0,200.42,East,Online
2058,2025-09-24,Clothing,116.58,2,0,233.16,West,Online
2083,2025-09-24,Home & Kitchen,190.96,3,5,544.24,West,Online
3338,2025-09-24,Clothing,112.8,4,0,451.2,South,Online
3373,2025-09-24,Clothing,67.61,1,5,64.23,West,Online
3383,2025-09-24,Clothing,101.85,2,0,203.7,East,In-Store
3642,2025-09-24,Clothing,118.66,2,0,237.32,South,Online
3683,2025-09-24,Home & Kitchen,136.33,1,5,129.51,East,Online
4130,2025-09-24,Clothing,88.31,2,5,167.79,East,Online
4924,2025-09-24,Home & Kitchen,91.08,5,0,455.4,North,In-Store
5966,2025-09-24,Books,22.87,2,0,45.74,South,Online
1059,2025-09-25,Home & Kitchen,241.07,2,0,482.14,East,Online
1604,2025-09-25,Home & Kitchen,204.33,3,5,582.34,East,Online
1897,2025-09-25,Clothing,60.38,1,0,60.38,West,Online
2238,2025-09-25,Home & Kitchen,211.41,1,0,211.41,South,In-Store
2344,2025-09-25,Sports,186.81,5,0,934.05,South,Online
2509,2025-09-25,Clothing,59.32,3,0,177.96,North,Online
3910,2025-09-25,Books,33.48,5,0,167.4,East,Online
4944,2025-09-25,Electronics,627.27,3,0,1881.81,South,Online
5656,2025-09-25,Clothing,106.02,2,0,212.04,East,Online
5996,2025-09-25,Electronics,817.87,4,0,3271.48,North,In-Store
1301,2025-09-26,Clothing,92.29,4,0,369.16,South,Online
1767,2025-09-26,Books,17.92,4,0,71.68,South,Online
2167,2025-09-26,Sports,136.4,5,0,682.0,West,Online
2609,2025-09-26,Books,13.57,3,0,40.71,East,In-Store
2645,2025-09-26,Sports,181.47,3,0,544.41,North,In-Store
2932,2025-09-26,Home & Kitchen,98.13,2,5,186.45,South,In-Store
3047,2025-09-26,Clothing,84.79,4,0,339.16,East,Online
3530,2025-09-26,Electronics,564.53,4,10,2032.31,South,Online
4542,2025-09-26,Sports,166.65,4,0,666.6,South,Online
4762,2025-09-26,Electronics,367.16,4,20,1174.91,East,Online
4828,2025-09-26,Clothing,26.16,1,15,22.24,South,In-Store
4963,2025-09-26,Sports,71.6,3,5,204.06,West,Online
5140,2025-09-26,Sports,44.43,5,0,222.15,West,In-Store
5847,2025-09-26,Sports,28.53,5,0,142.65,West,Online
2385,2025-09-27,Books,13.84,3,0,41.52,East,Online
2906,2025-09-27,Home & Kitchen,53.23,1,0,53.23,North,In-Store
2913,2025-09-27,Clothing,52.23,5,0,261.15,North,In-Store
3572,2025-09-27,Clothing,26.09,1,0,26.09,West,Online
4127,2025-09-27,Home & Kitchen,75.27,5,0,376.35,South,Online
4343,2025-09-27,Books,28.0,2,0,56.0,South,Online
4888,2025-09-27,Home & Kitchen,221.39,3,0,664.17,East,In-Store
5037,2025-09-27,Clothing,118.11,2,10,212.6,West,In-Store
5795,2025-09-27,Home & Kitchen,103.07,2,0,206.14,East,Online
5921,2025-09-27,Sports,186.96,2,5,355.22,East,Online
1603,2025-09-28,Clothing,95.07,1,15,80.81,North,Online
1930,2025-09-28,Clothing,75.31,2,15,128.03,East,In-Store
2145,2025-09-28,Clothing,10.03,4,0,40.12,South,Online
2170,2025-09-28,Sports,68.23,4,10,245.63,South,Online
2177,2025-09-28,Books,38.16,2,0,76.32,East,Online
2345,2025-09-28,Home & Kitchen,146.8,2,0,293.6,East,Online
2565,2025-09-28,Home & Kitchen,43.55,2,0,87.1,North,Online
2797,2025-09-28,Clothing,107.98,3,0,323.94,East,In-Store
2813,2025-09-28,Home & Kitchen,181.04,5,20,724.16,South,Online
2875,2025-09-28,Home & Kitchen,80.5,5,10,362.25,East,Online
2890,2025-09-28,Books,33.29,1,0,33.29,West,Online
3157,2025-09-28,Home & Kitchen,118.19,2,0,236.38,South,In-Store
4116,2025-09-28,Books,20.68,4,0,82.72,West,In-Store
4395,2025-09-28,Sports,188.37,2,0,376.74,East,Online
4403,2025-09-28,Clothing,111.02,5,20,444.08,East,Online
4458,2025-09-28,Sports,40.23,5,0,201.15,North,Online
4737,2025-09-28,Home & Kitchen,44.87,4,0,179.48,West,In-Store
4777,2025-09-28,Clothing,37.98,3,10,102.55,West,Online
5219,2025-09-28,Electronics,755.73,4,0,3022.92,North,Online
1174,2025-09-29,Books,39.44,2,0,78.88,South,Online
1770,2025-09-29,Books,28.57,3,0,85.71,North,Online
2075,2025-09-29,Electronics,432.17,3,15,1102.03,North,In-Store
2142,2025-09-29,Home & Kitchen,216.56,5,5,1028.66,East,Online
3521,2025-09-29,Sports,21.47,1,0,21.47,South,In-Store
3863,2025-09-29,Home & Kitchen,84.24,5,0,421.2,South,Online
4249,2025-09-29,Electronics,683.0,2,15,1161.1,North,Online
4627,2025-09-29,Home & Kitchen,121.74,1,0,121.74,East,Online
4770,2025-09-29,Books,36.14,4,0,144.56,South,Online
4846,2025-09-29,Electronics,590.54,1,10,531.49,North,Online
4868,2025-09-29,Electronics,494.05,3,0,1482.15,East,Online
5400,2025-09-29,Home & Kitchen,110.38,3,10,298.03,East,In-Store
1205,2025-09-30,Clothing,37.23,1,0,37.23,South,Online
1597,2025-09-30,Home & Kitchen,74.53,3,0,223.59,North,In-Store
1627,2025-09-30,Home & Kitchen,68.08,1,0,68.08,South,Online
1788,2025-09-30,Sports,179.32,4,0,717.28,North,Online
2180,2025-09-30,Books,36.93,1,0,36.93,East,Online
2309,2025-09-30,Books,24.9,4,0,99.6,West,In-Store
2392,2025-09-30,Clothing,110.75,5,5,526.06,North,Online
2859,2025-09-30,Home & Kitchen,24.27,2,0,48.54,North,Online
2942,2025-09-30,Electronics,495.4,4,10,1783.44,West,Online
4268,2025-09-30,Electronics,519.5,5,0,2597.5,North,In-Store
4404,2025-09-30,Electronics,606.4,3,5,1728.24,North,Online
4607,2025-09-30,Sports,26.53,3,10,71.63,North,Online
4655,2025-09-30,Sports,139.78,3,0,419.34,East,Online
4717,2025-09-30,Sports,92.35,2,0,184.7,East,Online
4806,2025-09-30,Clothing,118.84,1,0,118.84,East,Online
5088,2025-09-30,Sports,149.63,5,15,635.93,North,In-Store
5211,2025-09-30,Electronics,749.18,4,10,2697.05,North,Online
5701,2025-09-30,Sports,96.85,3,10,261.49,West,Online
5709,2025-09-30,Clothing,35.01,5,5,166.3,North,In-Store
5731,2025-09-30,Home & Kitchen,125.9,5,0,629.5,West,Online
1005,2025-10-01,Books,38.8,2,0,77.6,South,Online
1207,2025-10-01,Clothing,53.51,3,20,128.42,North,In-Store
2005,2025-10-01,Electronics,534.2,2,0,1068.4,East,In-Store
2182,2025-10-01,Clothing,18.05,4,0,72.2,South,Online
2446,2025-10-01,Books,6.47,5,5,30.73,North,In-Store
2569,2025-10-01,Home & Kitchen,80.47,2,0,160.94,North,Online
2948,2025-10-01,Clothing,72.21,5,5,343.0,South,Online
2961,2025-10-01,Books,14.22,1,15,12.09,West,Online
3524,2025-10-01,Books,5.76,2,0,11.52,North,Online
4252,2025-10-01,Electronics,236.58,1,0,236.58,East,Online
4799,2025-10-01,Clothing,93.12,2,20,148.99,East,In-Store
5143,2025-10-01,Clothing,72.19,4,0,288.76,North,In-Store
5307,2025-10-01,Electronics,273.36,4,0,1093.44,North,In-Store
1050,2025-10-02,Home & Kitchen,38.04,5,10,171.18,South,In-Store
1348,2025-10-02,Books,33.13,1,0,33.13,East,Online
1364,2025-10-02,Books,8.94,5,0,44.7,North,Online
2417,2025-10-02,Electronics,523.48,2,0,1046.96,East,In-Store
2499,2025-10-02,Home & Kitchen,70.36,3,0,211.08,North,Online
2592,2025-10-02,Clothing,85.5,5,0,427.5,North,Online
2944,2025-10-02,Sports,103.41,5,15,439.49,West,Online
3123,2025-10-02,Books,14.66,4,10,52.78,West,Online
3158,2025-10-02,Home & Kitchen,151.19,2,10,272.14,West,Online
3457,2025-10-02,Clothing,12.22,1,5,11.61,South,Online
3959,2025-10-02,Electronics,173.7,3,10,468.99,East,Online
5908,2025-10-02,Electronics,242.48,4,0,969.92,West,Online
1566,2025-10-03,Clothing,105.53,3,0,316.59,South,Online
1745,2025-10-03,Sports,178.89,5,5,849.73,North,Online
1750,2025-10-03,Home & Kitchen,50.06,2,0,100.12,North,In-Store
2752,2025-10-03,Books,29.28,2,0,58.56,North,Online
3694,2025-10-03,Home & Kitchen,168.94,2,20,270.3,South,Online
4111,2025-10-03,Clothing,38.95,2,15,66.22,East,Online
4578,2025-10-03,Sports,40.11,4,0,160.44,South,In-Store
5233,2025-10-03,Electronics,697.83,3,0,2093.49,East,Online
1035,2025-10-04,Electronics,424.85,3,0,1274.55,North,Online
1353,2025-10-04,Electronics,215.38,1,15,183.07,North,Online
3481,2025-10-04,Electronics,362.94,5,10,1633.23,North,Online
3643,2025-10-04,Home & Kitchen,70.05,5,5,332.74,North,Online
3722,2025-10-04,Books,22.9,2,0,45.8,North,Online
3813,2025-10-04,Books,20.75,1,0,20.75,North,Online
3971,2025-10-04,Electronics,716.71,4,0,2866.84,West,In-Store
4435,2025-10-04,Electronics,784.67,5,10,3531.02,East,Online
4736,2025-10-04,Clothing,71.46,3,0,214.38,East,Online
1470,2025-10-05,Books,14.89,5,0,74.45,West,Online
1556,2025-10-05,Electronics,732.59,4,0,2930.36,West,In-Store
1955,2025-10-05,Home & Kitchen,123.43,3,0,370.29,East,Online
1983,2025-10-05,Home & Kitchen,27.21,3,0,81.63,West,In-Store
2090,2025-10-05,Home & Kitchen,202.32,1,0,202.32,West,In-Store
2165,2025-10-05,Home & Kitchen,94.64,3,0,283.92,South,Online
2522,2025-10-05,Electronics,413.52,5,0,2067.6,South,In-Store
3011,2025-10-05,Clothing,32.11,4,0,128.44,West,In-Store
3057,2025-10-05,Books,14.45,1,0,14.45,West,In-Store
3538,2025-10-05,Home & Kitchen,180.38,4,0,721.52,West,In-Store
3708,2025-10-05,Books,15.46,1,0,15.46,South,Online
3868,2025-10-05,Books,20.95,2,0,41.9,West,In-Store
4091,2025-10-05,Sports,142.63,3,0,427.89,South,Online
4885,2025-10-05,Books,37.84,2,0,75.68,East,Online
5389,2025-10-05,Books,28.25,3,10,76.28,North,In-Store
5539,2025-10-05,Books,23.48,4,0,93.92,East,In-Store
5706,2025-10-05,Home & Kitchen,56.57,5,0,282.85,North,In-Store
5955,2025-10-05,Clothing,60.37,4,5,229.41,West,Online
2461,2025-10-06,Home & Kitchen,44.91,5,0,224.55,West,In-Store
2939,2025-10-06,Books,33.11,1,0,33.11,South,In-Store
3030,2025-10-06,Electronics,612.22,1,10,551.0,South,Online
3695,2025-10-06,Electronics,274.25,1,0,274.25,West,Online
3918,2025-10-06,Electronics,369.28,5,0,1846.4,West,In-Store
3982,2025-10-06,Clothing,104.87,2,5,199.25,West,Online
4023,2025-10-06,Electronics,544.47,5,5,2586.23,South,Online
4213,2025-10-06,Home & Kitchen,218.5,5,20,874.0,West,Online
4340,2025-10-06,Electronics,350.8,2,0,701.6,East,In-Store
4919,2025-10-06,Sports,160.22,1,5,152.21,West,In-Store
5013,2025-10-06,Home & Kitchen,183.36,2,15,311.71,West,Online
5394,2025-10-06,Electronics,590.72,1,0,590.72,South,Online
5466,2025-10-06,Electronics,641.16,5,5,3045.51,South,In-Store
5508,2025-10-06,Clothing,103.19,5,0,515.95,South,Online
5638,2025-10-06,Electronics,370.35,1,0,370.35,West,In-Store
1010,2025-10-07,Home & Kitchen,84.61,4,10,304.6,North,Online
1202,2025-10-07,Home & Kitchen,218.8,3,0,656.4,West,Online
1440,2025-10-07,Sports,146.24,2,0,292.48,East,Online
1673,2025-10-07,Home & Kitchen,145.74,5,10,655.83,South,Online
2063,2025-10-07,Electronics,213.57,4,0,854.28,West,Online
2173,2025-10-07,Clothing,119.09,2,0,238.18,West,Online
2196,2025-10-07,Books,6.38,2,10,11.48,North,Online
2626,2025-10-07,Clothing,41.83,5,0,209.15,West,Online
3041,2025-10-07,Home & Kitchen,82.2,3,20,197.28,North,Online
3873,2025-10-07,Books,25.34,4,5,96.29,East,Online
4133,2025-10-07,Electronics,744.08,4,0,2976.32,South,In-Store
4543,2025-10-07,Electronics,629.68,5,0,3148.4,East,In-Store
4620,2025-10-07,Home & Kitchen,186.34,3,5,531.07,North,Online
4817,2025-10-07,Books,32.3,3,0,96.9,East,Online
4930,2025-10-07,Home & Kitchen,120.51,4,0,482.04,North,In-Store
5323,2025-10-07,Books,13.69,5,5,65.03,West,Online
1309,2025-10-08,Sports,44.61,2,0,89.22,South,Online
1851,2025-10-08,Home & Kitchen,74.97,5,10,337.36,East,Online
2151,2025-10-08,Clothing,11.98,2,5,22.76,South,Online
2416,2025-10-08,Home & Kitchen,143.55,2,0,287.1,West,In-Store
2717,2025-10-08,Clothing,45.97,1,0,45.97,East,Online
3369,2025-10-08,Clothing,109.74,3,15,279.84,North,Online
3493,2025-10-08,Home & Kitchen,62.0,3,0,186.0,West,In-Store
4237,2025-10-08,Sports,108.79,1,0,108.79,North,In-Store
4664,2025-10-08,Home & Kitchen,44.73,3,0,134.19,East,In-Store
4718,2025-10-08,Electronics,448.73,5,15,1907.1,East,In-Store
5543,2025-10-08,Electronics,845.31,3,10,2282.34,East,In-Store
5911,2025-10-08,Home & Kitchen,225.99,1,0,225.99,South,In-Store
5943,2025-10-08,Clothing,28.54,3,0,85.62,West,Online
1245,2025-10-09,Books,34.65,4,0,138.6,North,In-Store
1453,2025-10-09,Electronics,155.88,4,0,623.52,North,Online
2407,2025-10-09,Clothing,92.81,2,0,185.62,West,Online
2573,2025-10-09,Sports,50.23,5,0,251.15,South,Online
3431,2025-10-09,Books,20.31,4,0,81.24,East,Online
3492,2025-10-09,Clothing,83.58,4,15,284.17,West,In-Store
3767,2025-10-09,Home & Kitchen,34.54,3,0,103.62,South,Online
4370,2025-10-09,Books,7.8,4,0,31.2,East,In-Store
4643,2025-10-09,Sports,75.18,3,0,225.54,East,Online
4848,2025-10-09,Clothing,10.23,4,0,40.92,North,In-Store
5750,2025-10-09,Sports,66.13,1,0,66.13,South,In-Store
5967,2025-10-09,Clothing,86.18,1,0,86.18,South,Online
1307,2025-10-10,Books,22.09,4,5,83.94,North,Online
1443,2025-10-10,Clothing,18.4,1,0,18.4,South,Online
1524,2025-10-10,Clothing,68.91,5,10,310.09,North,Online
1614,2025-10-10,Electronics,155.16,4,0,620.64,North,In-Store
1775,2025-10-10,Home & Kitchen,162.91,4,0,651.64,South,Online
2583,2025-10-10,Clothing,46.18,5,15,196.26,North,Online
3089,2025-10-10,Clothing,41.61,2,0,83.22,East,Online
3259,2025-10-10,Sports,100.76,1,0,100.76,East,Online
3578,2025-10-10,Clothing,58.01,3,0,174.03,West,Online
4152,2025-10-10,Clothing,79.92,4,0,319.68,North,In-Store
4163,2025-10-10,Clothing,119.7,3,0,359.1,North,Online
4537,2025-10-10,Electronics,652.98,4,5,2481.32,West,Online
5084,2025-10-10,Sports,170.39,3,5,485.61,North,Online
5247,2025-10-10,Home & Kitchen,207.82,3,0,623.46,North,Online
5950,2025-10-10,Clothing,84.68,1,0,84.68,North,In-Store
1067,2025-10-11,Books,38.27,3,0,114.81,South,Online
1229,2025-10-11,Electronics,702.3,5,10,3160.35,West,Online
1293,2025-10-11,Clothing,82.53,3,0,247.59,South,Online
1636,2025-10-11,Clothing,88.11,3,20,211.46,South,Online
2023,2025-10-11,Clothing,101.99,1,10,91.79,West,Online
2618,2025-10-11,Sports,161.9,5,0,809.5,South,Online
2872,2025-10-11,Home & Kitchen,110.26,4,5,418.99,South,In-Store
3073,2025-10-11,Home & Kitchen,56.4,2,0,112.8,East,Online
3413,2025-10-11,Sports,151.63,4,0,606.52,South,Online
3446,2025-10-11,Clothing,69.9,5,5,332.02,North,In-Store
3555,2025-10-11,Home & Kitchen,226.39,2,15,384.86,East,Online
3728,2025-10-11,Electronics,736.97,1,5,700.12,West,Online
3742,2025-10-11,Clothing,52.29,3,20,125.5,South,Online
4024,2025-10-11,Electronics,660.88,3,0,1982.64,North,In-Store
4141,2025-10-11,Home & Kitchen,96.36,1,0,96.36,South,Online
4541,2025-10-11,Home & Kitchen,224.91,4,5,854.66,North,Online
5101,2025-10-11,Home & Kitchen,249.65,1,0,249.65,North,Online
5118,2025-10-11,Electronics,268.33,2,5,509.83,North,In-Store
5957,2025-10-11,Sports,64.31,1,0,64.31,West,Online
1385,2025-10-12,Clothing,49.81,3,0,149.43,North,Online
1460,2025-10-12,Books,38.03,3,20,91.27,East,Online
1681,2025-10-12,Electronics,561.65,2,0,1123.3,North,In-Store
3167,2025-10-12,Electronics,414.66,1,5,393.93,South,Online
3405,2025-10-12,Clothing,26.81,2,20,42.9,East,In-Store
3915,2025-10-12,Electronics,874.81,2,0,1749.62,East,In-Store
3919,2025-10-12,Home & Kitchen,138.26,5,20,553.04,West,Online
4373,2025-10-12,Electronics,461.51,3,0,1384.53,South,Online
4754,2025-10-12,Electronics,728.29,2,10,1310.92,South,Online
4981,2025-10-12,Sports,134.99,1,20,107.99,West,Online
5304,2025-10-12,Clothing,91.42,4,0,365.68,West,Online
5753,2025-10-12,Books,6.49,1,0,6.49,West,Online
5812,2025-10-12,Home & Kitchen,228.35,1,0,228.35,East,Online
5898,2025-10-12,Clothing,82.0,3,0,246.0,North,In-Store
1638,2025-10-13,Sports,113.29,5,5,538.13,North,Online
2278,2025-10-13,Clothing,102.88,2,0,205.76,North,Online
2731,2025-10-13,Clothing,20.02,4,0,80.08,West,Online
2757,2025-10-13,Electronics,362.48,3,0,1087.44,North,Online
3117,2025-10-13,Books,11.01,3,0,33.03,West,In-Store
3211,2025-10-13,Books,30.11,1,0,30.11,East,In-Store
3989,2025-10-13,Electronics,651.46,3,0,1954.38,West,In-Store
5291,2025-10-13,Home & Kitchen,160.32,3,0,480.96,West,In-Store
5440,2025-10-13,Electronics,532.5,4,0,2130.0,South,Online
5503,2025-10-13,Electronics,672.27,3,5,1915.97,East,Online
5773,2025-10-13,Home & Kitchen,173.59,2,0,347.18,North,In-Store
2106,2025-10-14,Books,24.04,2,0,48.08,South,Online
2310,2025-10-14,Electronics,779.56,4,0,3118.24,North,Online
2470,2025-10-14,Electronics,672.38,3,0,2017.14,West,In-Store
2555,2025-10-14,Books,9.97,2,0,19.94,East,In-Store
3385,2025-10-14,Books,32.26,2,10,58.07,South,Online
4238,2025-10-14,Clothing,64.06,5,10,288.27,West,In-Store
4779,2025-10-14,Books,7.66,4,5,29.11,North,Online
5196,2025-10-14,Home & Kitchen,26.18,4,0,104.72,East,Online
1042,2025-10-15,Clothing,49.45,3,5,140.93,South,In-Store
1143,2025-10-15,Home & Kitchen,226.41,2,20,362.26,West,In-Store
1144,2025-10-15,Sports,136.9,1,0,136.9,North,Online
1678,2025-10-15,Sports,185.99,4,10,669.56,South,Online
1878,2025-10-15,Home & Kitchen,199.81,4,5,759.28,North,Online
2256,2025-10-15,Clothing,107.11,3,0,321.33,South,Online
2271,2025-10-15,Sports,170.47,5,0,852.35,East,Online
2347,2025-10-15,Home & Kitchen,229.12,4,5,870.66,South,Online
2899,2025-10-15,Clothing,59.5,2,5,113.05,West,In-Store
3939,2025-10-15,Books,29.8,3,10,80.46,East,Online
4876,2025-10-15,Electronics,533.8,1,15,453.73,South,Online
5082,2025-10-15,Books,6.97,5,0,34.85,West,Online
5531,2025-10-15,Electronics,705.86,2,10,1270.55,North,Online
5913,2025-10-15,Home & Kitchen,175.96,2,10,316.73,East,Online
1085,2025-10-16,Sports,103.87,1,0,103.87,East,Online
1125,2025-10-16,Electronics,577.42,2,0,1154.84,North,In-Store
1238,2025-10-16,Clothing,113.5,5,0,567.5,West,In-Store
1490,2025-10-16,Books,20.32,4,10,73.15,West,In-Store
2190,2025-10-16,Clothing,15.89,3,0,47.67,West,Online
3000,2025-10-16,Clothing,44.6,4,20,142.72,East,Online
3415,2025-10-16,Books,36.14,1,0,36.14,South,Online
3867,2025-10-16,Books,15.34,5,0,76.7,West,Online
3898,2025-10-16,Clothing,77.59,1,0,77.59,North,Online
4424,2025-10-16,Electronics,361.57,5,0,1807.85,West,In-Store
5574,2025-10-16,Clothing,54.9,4,0,219.6,East,In-Store
1426,2025-10-17,Electronics,622.17,3,0,1866.51,North,In-Store
2484,2025-10-17,Home & Kitchen,138.34,3,10,373.52,South,In-Store
2485,2025-10-17,Sports,156.21,1,5,148.4,North,In-Store
2810,2025-10-17,Home & Kitchen,82.98,5,0,414.9,East,Online
3233,2025-10-17,Sports,109.77,5,0,548.85,South,Online
3913,2025-10-17,Home & Kitchen,106.52,3,0,319.56,West,Online
4621,2025-10-17,Electronics,516.67,4,15,1756.68,South,Online
5157,2025-10-17,Home & Kitchen,207.97,3,0,623.91,North,Online
5189,2025-10-17,Electronics,373.05,5,0,1865.25,South,Online
5347,2025-10-17,Sports,43.82,4,10,157.75,East,Online
5376,2025-10-17,Home & Kitchen,146.31,5,10,658.4,West,Online
5971,2025-10-17,Books,23.41,1,0,23.41,South,In-Store
1135,2025-10-18,Home & Kitchen,143.6,3,0,430.8,South,Online
2130,2025-10-18,Clothing,51.76,4,0,207.04,West,In-Store
2349,2025-10-18,Sports,185.47,4,0,741.88,South,Online
2665,2025-10-18,Sports,176.82,1,0,176.82,North,Online
2851,2025-10-18,Home & Kitchen,178.44,4,0,713.76,North,Online
2891,2025-10-18,Electronics,860.95,4,0,3443.8,South,In-Store
3772,2025-10-18,Electronics,817.2,3,5,2329.02,North,Online
3778,2025-10-18,Electronics,174.28,1,5,165.57,West,In-Store
4535,2025-10-18,Clothing,30.68,2,0,61.36,East,Online
1158,2025-10-19,Sports,27.63,3,15,70.46,West,Online
1271,2025-10-19,Home & Kitchen,80.52,2,15,136.88,North,Online
1652,2025-10-19,Sports,187.12,4,0,748.48,West,Online
1702,2025-10-19,Clothing,18.72,3,0,56.16,West,In-Store
2040,2025-10-19,Sports,182.61,2,0,365.22,North,Online
3037,2025-10-19,Clothing,12.79,2,0,25.58,East,In-Store
3187,2025-10-19,Clothing,39.32,1,10,35.39,South,Online
3509,2025-10-19,Electronics,211.8,3,5,603.63,South,Online
3654,2025-10-19,Clothing,90.79,2,0,181.58,South,Online
3768,2025-10-19,Sports,103.34,4,0,413.36,North,Online
4088,2025-10-19,Clothing,57.5,4,5,218.5,East,In-Store
4117,2025-10-19,Electronics,275.05,2,0,550.1,West,Online
4400,2025-10-19,Clothing,62.57,3,0,187.71,South,Online
4619,2025-10-19,Clothing,81.3,5,0,406.5,North,Online
5455,2025-10-19,Home & Kitchen,236.15,5,5,1121.71,East,In-Store
5801,2025-10-19,Home & Kitchen,121.83,5,0,609.15,West,In-Store
1170,2025-10-20,Clothing,58.51,4,0,234.04,East,Online
1177,2025-10-20,Sports,31.54,3,0,94.62,South,Online
1654,2025-10-20,Sports,104.61,4,0,418.44,East,Online
2340,2025-10-20,Electronics,323.05,5,0,1615.25,North,In-Store
2465,2025-10-20,Books,5.93,5,10,26.68,West,Online
2760,2025-10-20,Electronics,816.56,5,0,4082.8,West,Online
3090,2025-10-20,Books,11.25,4,0,45.0,North,Online
3393,2025-10-20,Electronics,167.32,4,10,602.35,East,In-Store
4536,2025-10-20,Home & Kitchen,110.0,5,0,550.0,East,Online
4631,2025-10-20,Home & Kitchen,190.7,4,10,686.52,North,Online
4783,2025-10-20,Home & Kitchen,226.82,2,0,453.64,East,Online
5153,2025-10-20,Home & Kitchen,149.34,4,5,567.49,South,Online
5305,2025-10-20,Home & Kitchen,199.55,3,0,598.65,North,In-Store
1002,2025-10-21,Electronics,894.16,1,0,894.16,West,Online
1126,2025-10-21,Clothing,51.67,5,0,258.35,West,Online
1412,2025-10-21,Home & Kitchen,27.08,5,5,128.63,East,In-Store
2269,2025-10-21,Electronics,711.28,1,0,711.28,North,Online
2462,2025-10-21,Clothing,80.79,5,0,403.95,West,Online
2659,2025-10-21,Clothing,63.89,4,0,255.56,North,Online
2670,2025-10-21,Clothing,28.29,5,0,141.45,South,Online
3619,2025-10-21,Electronics,341.8,2,0,683.6,East,Online
4066,2025-10-21,Clothing,94.91,5,0,474.55,East,In-Store
4093,2025-10-21,Home & Kitchen,101.36,2,0,202.72,North,Online
4787,2025-10-21,Sports,147.34,5,0,736.7,South,In-Store
4823,2025-10-21,Clothing,19.48,4,15,66.23,West,Online
1023,2025-10-22,Clothing,43.1,1,0,43.1,West,Online
1222,2025-10-22,Home & Kitchen,156.24,5,0,781.2,West,Online
1326,2025-10-22,Clothing,58.05,1,0,58.05,West,In-Store
2162,2025-10-22,Sports,54.23,3,0,162.69,South,In-Store
2553,2025-10-22,Electronics,205.58,5,5,976.5,West,Online
2635,2025-10-22,Home & Kitchen,96.57,5,0,482.85,West,Online
3397,2025-10-22,Home & Kitchen,29.65,2,0,59.3,North,Online
4633,2025-10-22,Books,10.18,4,5,38.68,North,In-Store
5381,2025-10-22,Clothing,20.01,4,0,80.04,West,Online
5979,2025-10-22,Clothing,85.53,3,0,256.59,North,Online
1668,2025-10-23,Home & Kitchen,172.06,2,0,344.12,East,Online
1866,2025-10-23,Home & Kitchen,26.23,4,5,99.67,South,Online
2289,2025-10-23,Books,23.74,5,0,118.7,South,Online
2422,2025-10-23,Sports,17.2,4,0,68.8,South,Online
2552,2025-10-23,Clothing,42.57,5,0,212.85,North,Online
2649,2025-10-23,Home & Kitchen,100.05,4,20,320.16,North,In-Store
2996,2025-10-23,Clothing,39.84,4,0,159.36,North,In-Store
3409,2025-10-23,Clothing,55.08,1,0,55.08,West,Online
3514,2025-10-23,Sports,185.25,5,10,833.62,East,Online
4047,2025-10-23,Electronics,199.5,3,15,508.72,South,In-Store
5163,2025-10-23,Clothing,65.05,4,0,260.2,East,In-Store
5391,2025-10-23,Home & Kitchen,185.67,4,0,742.68,East,In-Store
5789,2025-10-23,Clothing,90.22,1,0,90.22,North,In-Store
5991,2025-10-23,Electronics,716.76,2,5,1361.84,North,Online
1940,2025-10-24,Sports,183.39,4,0,733.56,West,Online
2124,2025-10-24,Clothing,29.87,2,0,59.74,West,Online
2335,2025-10-24,Books,8.19,3,0,24.57,South,Online
3174,2025-10-24,Clothing,112.05,2,0,224.1,West,Online
3218,2025-10-24,Electronics,157.17,4,15,534.38,East,Online
3366,2025-10-24,Electronics,776.41,5,0,3882.05,West,Online
4094,2025-10-24,Clothing,10.47,5,0,52.35,West,Online
4835,2025-10-24,Books,5.13,4,0,20.52,South,In-Store
4896,2025-10-24,Sports,155.98,5,10,701.91,North,In-Store
5110,2025-10-24,Electronics,280.35,2,15,476.6,North,In-Store
5662,2025-10-24,Clothing,54.48,4,0,217.92,North,Online
5761,2025-10-24,Books,10.65,3,0,31.95,East,In-Store
1747,2025-10-25,Books,22.5,4,5,85.5,North,Online
2523,2025-10-25,Clothing,20.99,1,5,19.94,West,Online
2762,2025-10-25,Clothing,35.55,3,0,106.65,North,In-Store
3507,2025-10-25,Clothing,80.86,4,5,307.27,West,Online
3591,2025-10-25,Home & Kitchen,203.32,1,20,162.66,West,Online
3870,2025-10-25,Electronics,727.89,5,0,3639.45,South,In-Store
4491,2025-10-25,Books,28.46,4,0,113.84,South,Online
5216,2025-10-25,Clothing,73.12,3,5,208.39,West,In-Store
5471,2025-10-25,Electronics,794.29,1,0,794.29,East,In-Store
5507,2025-10-25,Home & Kitchen,197.92,4,0,791.68,South,Online
1043,2025-10-26,Sports,117.27,2,0,234.54,East,Online
1609,2025-10-26,Home & Kitchen,124.79,2,0,249.58,West,Online
3061,2025-10-26,Sports,54.84,1,5,52.1,North,Online
3449,2025-10-26,Electronics,560.15,5,0,2800.75,East,Online
3568,2025-10-26,Home & Kitchen,36.31,1,15,30.86,East,Online
3954,2025-10-26,Home & Kitchen,33.0,1,0,33.0,North,Online
4826,2025-10-26,Home & Kitchen,132.99,2,0,265.98,South,Online
5434,2025-10-26,Books,39.19,3,15,99.93,North,In-Store
5541,2025-10-26,Home & Kitchen,71.11,5,0,355.55,South,In-Store
5718,2025-10-26,Electronics,253.9,5,5,1206.02,West,Online
1660,2025-10-27,Electronics,894.44,2,20,1431.1,East,In-Store
2386,2025-10-27,Home & Kitchen,122.03,5,5,579.64,West,In-Store
2443,2025-10-27,Electronics,719.57,3,20,1726.97,East,Online
2674,2025-10-27,Home & Kitchen,187.02,1,5,177.67,East,Online
2729,2025-10-27,Electronics,821.74,4,5,3122.61,East,Online
2816,2025-10-27,Books,37.49,5,20,149.96,North,Online
2927,2025-10-27,Sports,27.57,2,5,52.38,South,In-Store
3100,2025-10-27,Clothing,70.89,4,0,283.56,West,Online
3188,2025-10-27,Home & Kitchen,238.84,2,5,453.8,South,In-Store
3715,2025-10-27,Electronics,579.42,4,0,2317.68,West,Online
4145,2025-10-27,Clothing,11.94,2,20,19.1,East,Online
4614,2025-10-27,Sports,123.26,1,5,117.1,North,In-Store
4858,2025-10-27,Clothing,47.4,4,0,189.6,South,In-Store
5072,2025-10-27,Books,25.73,3,0,77.19,South,Online
5435,2025-10-27,Sports,155.47,1,0,155.47,West,In-Store
5723,2025-10-27,Home & Kitchen,85.2,3,0,255.6,West,Online
5802,2025-10-27,Electronics,187.32,4,0,749.28,West,Online
5852,2025-10-27,Clothing,10.68,4,0,42.72,South,In-Store
1235,2025-10-28,Electronics,854.86,4,0,3419.44,East,Online
1725,2025-10-28,Clothing,111.47,5,0,557.35,South,Online
1811,2025-10-28,Home & Kitchen,44.41,4,0,177.64,North,Online
1906,2025-10-28,Sports,133.97,2,0,267.94,North,Online
1942,2025-10-28,Electronics,618.09,4,0,2472.36,West,In-Store
2406,2025-10-28,Clothing,68.26,1,5,64.85,North,Online
2673,2025-10-28,Electronics,410.29,1,0,410.29,North,Online
2835,2025-10-28,Electronics,532.66,3,0,1597.98,South,Online
2905,2025-10-28,Electronics,379.06,4,0,1516.24,West,In-Store
3052,2025-10-28,Electronics,578.88,2,0,1157.76,North,Online
3482,2025-10-28,Electronics,557.21,4,0,2228.84,South,Online
3594,2025-10-28,Electronics,174.96,1,0,174.96,East,Online
5428,2025-10-28,Home & Kitchen,163.71,3,0,491.13,West,Online
5445,2025-10-28,Electronics,701.97,5,0,3509.85,South,Online
5717,2025-10-28,Electronics,583.21,4,0,2332.84,East,In-Store
1261,2025-10-29,Electronics,693.25,2,0,1386.5,West,Online
1789,2025-10-29,Books,31.41,3,0,94.23,South,Online
2034,2025-10-29,Home & Kitchen,173.79,1,10,156.41,East,In-Store
2711,2025-10-29,Sports,39.46,3,0,118.38,South,Online
2973,2025-10-29,Sports,132.33,3,5,377.14,North,Online
2978,2025-10-29,Sports,79.56,5,0,397.8,South,Online
3685,2025-10-29,Home & Kitchen,157.71,3,0,473.13,North,Online
4533,2025-10-29,Sports,139.74,5,10,628.83,East,Online
4640,2025-10-29,Home & Kitchen,138.45,4,5,526.11,West,In-Store
4676,2025-10-29,Sports,182.35,5,5,866.16,South,Online
5206,2025-10-29,Home & Kitchen,201.1,1,0,201.1,East,Online
5459,2025-10-29,Electronics,711.18,1,0,711.18,East,Online
5711,2025-10-29,Books,25.79,1,0,25.79,East,Online
1084,2025-10-30,Books,7.9,2,0,15.8,East,Online
1227,2025-10-30,Electronics,812.78,2,10,1463.0,North,Online
1248,2025-10-30,Electronics,866.0,4,0,3464.0,East,Online
1986,2025-10-30,Home & Kitchen,43.44,2,15,73.85,North,In-Store
2453,2025-10-30,Home & Kitchen,69.29,1,0,69.29,North,Online
3587,2025-10-30,Books,25.18,5,0,125.9,North,Online
3646,2025-10-30,Sports,79.35,5,20,317.4,North,Online
3904,2025-10-30,Electronics,566.85,1,5,538.51,East,Online
3924,2025-10-30,Home & Kitchen,33.11,4,0,132.44,North,In-Store
4122,2025-10-30,Home & Kitchen,113.76,2,15,193.39,South,Online
4185,2025-10-30,Clothing,83.95,4,0,335.8,West,Online
4407,2025-10-30,Clothing,55.24,3,20,132.58,North,Online
4599,2025-10-30,Home & Kitchen,42.27,1,5,40.16,East,Online
4805,2025-10-30,Books,22.89,2,5,43.49,West,Online
5104,2025-10-30,Electronics,406.33,4,0,1625.32,North,In-Store
1031,2025-10-31,Books,24.54,3,0,73.62,East,Online
1032,2025-10-31,Sports,173.42,1,15,147.41,West,In-Store
1563,2025-10-31,Home & Kitchen,23.62,2,0,47.24,North,In-Store
2374,2025-10-31,Books,22.47,2,0,44.94,East,Online
2481,2025-10-31,Clothing,14.49,1,0,14.49,North,In-Store
2560,2025-10-31,Clothing,30.54,4,0,122.16,West,Online
3096,2025-10-31,Clothing,98.27,4,0,393.08,North,Online
3130,2025-10-31,Electronics,265.49,1,5,252.22,South,Online
3156,2025-10-31,Books,6.13,2,5,11.65,East,Online
3368,2025-10-31,Sports,154.04,2,0,308.08,West,Online
3872,2025-10-31,Books,6.42,3,15,16.37,East,In-Store
4051,2025-10-31,Home & Kitchen,151.71,3,0,455.13,South,In-Store
4069,2025-10-31,Clothing,44.34,5,5,210.62,East,Online
4561,2025-10-31,Books,23.87,2,0,47.74,South,Online
4571,2025-10-31,Sports,181.56,4,0,726.24,East,Online
4698,2025-10-31,Home & Kitchen,102.0,5,0,510.0,North,Online
4965,2025-10-31,Home & Kitchen,241.21,2,0,482.42,South,In-Store
5149,2025-10-31,Home & Kitchen,85.22,1,5,80.96,West,Online
5930,2025-10-31,Clothing,75.54,1,20,60.43,North,In-Store
1079,2025-11-01,Clothing,60.0,6,5,342.0,South,Online
1164,2025-11-01,Electronics,862.68,3,10,2329.24,West,Online
1212,2025-11-01,Books,9.35,4,0,37.4,North,In-Store
3183,2025-11-01,Electronics,270.54,3,0,811.62,South,Online
3513,2025-11-01,Electronics,338.81,5,0,1694.05,North,Online
3864,2025-11-01,Electronics,445.01,3,5,1268.28,South,Online
4031,2025-11-01,Home & Kitchen,175.98,7,10,1108.67,South,In-Store
4528,2025-11-01,Clothing,82.19,4,0,328.76,West,Online
4704,2025-11-01,Home & Kitchen,46.77,5,5,222.16,West,Online
4842,2025-11-01,Home & Kitchen,246.48,6,0,1478.88,South,In-Store
4844,2025-11-01,Electronics,880.73,6,0,5284.38,South,Online
1196,2025-11-02,Books,28.66,6,0,171.96,East,Online
1664,2025-11-02,Home & Kitchen,128.32,3,5,365.71,East,Online
2117,2025-11-02,Electronics,533.64,3,0,1600.92,North,Online
2264,2025-11-02,Home & Kitchen,60.8,6,0,364.8,West,Online
3039,2025-11-02,Home & Kitchen,164.12,6,0,984.72,West,In-Store
3297,2025-11-02,Books,20.73,7,0,145.11,South,In-Store
3992,2025-11-02,Electronics,850.95,2,0,1701.9,North,In-Store
4131,2025-11-02,Home & Kitchen,88.2,7,0,617.4,North,Online
4709,2025-11-02,Clothing,93.89,3,0,281.67,East,Online
4811,2025-11-02,Books,34.92,3,5,99.52,East,Online
5188,2025-11-02,Clothing,95.74,6,0,574.44,West,In-Store
5331,2025-11-02,Home & Kitchen,65.93,2,20,105.49,North,Online
5997,2025-11-02,Home & Kitchen,160.68,4,15,546.31,North,Online
1354,2025-11-03,Clothing,92.37,3,5,263.25,West,Online
1623,2025-11-03,Clothing,68.55,6,5,390.73,South,In-Store
2108,2025-11-03,Home & Kitchen,189.46,7,0,1326.22,South,Online
2147,2025-11-03,Books,12.99,4,5,49.36,South,In-Store
2391,2025-11-03,Home & Kitchen,84.55,3,5,240.97,North,In-Store
2589,2025-11-03,Home & Kitchen,59.03,4,5,224.31,North,Online
2878,2025-11-03,Home & Kitchen,82.27,5,5,390.78,North,In-Store
3138,2025-11-03,Books,11.08,2,0,22.16,North,Online
3560,2025-11-03,Home & Kitchen,112.66,1,20,90.13,North,Online
4368,2025-11-03,Clothing,53.8,1,0,53.8,North,Online
4527,2025-11-03,Clothing,81.33,6,0,487.98,West,Online
5436,2025-11-03,Electronics,449.78,3,5,1281.87,South,In-Store
5787,2025-11-03,Books,38.77,3,10,104.68,South,In-Store
5901,2025-11-03,Home & Kitchen,249.88,4,5,949.54,East,In-Store
1748,2025-11-04,Clothing,84.85,6,0,509.1,East,In-Store
1786,2025-11-04,Books,9.15,3,10,24.7,North,Online
2032,2025-11-04,Sports,73.54,1,0,73.54,North,Online
2200,2025-11-04,Clothing,68.7,5,0,343.5,South,Online
2866,2025-11-04,Clothing,18.76,1,0,18.76,West,In-Store
3114,2025-11-04,Clothing,59.77,5,0,298.85,South,Online
3236,2025-11-04,Electronics,798.88,5,0,3994.4,South,Online
3386,2025-11-04,Books,13.82,4,0,55.28,West,In-Store
4241,2025-11-04,Clothing,113.02,4,0,452.08,East,In-Store
4360,2025-11-04,Clothing,42.44,6,0,254.64,North,In-Store
4442,2025-11-04,Books,14.71,3,0,44.13,North,Online
4893,2025-11-04,Home & Kitchen,122.12,4,10,439.63,East,In-Store
4949,2025-11-04,Clothing,95.27,5,10,428.72,South,Online
5569,2025-11-04,Books,15.64,6,5,89.15,North,Online
5919,2025-11-04,Clothing,98.21,6,0,589.26,East,In-Store
1578,2025-11-05,Books,33.59,3,0,100.77,North,Online
2854,2025-11-05,Clothing,89.69,2,0,179.38,West,Online
3159,2025-11-05,Home & Kitchen,210.31,3,0,630.93,South,Online
3189,2025-11-05,Books,21.08,7,0,147.56,East,In-Store
3491,2025-11-05,Electronics,718.38,6,0,4310.28,South,In-Store
3536,2025-11-05,Sports,146.32,4,5,556.02,South,Online
3957,2025-11-05,Books,14.64,1,5,13.91,East,Online
3966,2025-11-05,Home & Kitchen,184.2,3,0,552.6,South,In-Store
4157,2025-11-05,Home & Kitchen,187.64,3,20,450.34,South,Online
4313,2025-11-05,Electronics,640.68,5,15,2722.89,West,Online
4488,2025-11-05,Books,29.09,5,0,145.45,East,In-Store
4693,2025-11-05,Clothing,119.57,2,5,227.18,East,Online
4756,2025-11-05,Books,33.25,6,0,199.5,East,Online
5052,2025-11-05,Sports,157.66,4,0,630.64,North,Online
5333,2025-11-05,Clothing,51.96,4,0,207.84,South,In-Store
5430,2025-11-05,Sports,37.81,2,5,71.84,South,In-Store
5727,2025-11-05,Home & Kitchen,57.96,4,0,231.84,East,In-Store
5811,2025-11-05,Sports,165.56,4,20,529.79,South,Online
5814,2025-11-05,Home & Kitchen,213.16,5,5,1012.51,West,Online
5907,2025-11-05,Clothing,119.57,4,0,478.28,South,Online
5922,2025-11-05,Home & Kitchen,204.95,6,0,1229.7,West,Online
5998,2025-11-05,Clothing,115.91,4,0,463.64,West,Online
1436,2025-11-06,Books,12.55,7,0,87.85,North,Online
1438,2025-11-06,Electronics,817.66,6,10,4415.36,East,In-Store
1591,2025-11-06,Electronics,564.5,1,0,564.5,West,Online
1606,2025-11-06,Electronics,362.1,5,20,1448.4,West,Online
2031,2025-11-06,Clothing,11.49,4,10,41.36,West,In-Store
2127,2025-11-06,Electronics,236.55,3,5,674.17,South,Online
2143,2025-11-06,Books,25.29,2,10,45.52,East,In-Store
2328,2025-11-06,Clothing,41.9,5,0,209.5,East,In-Store
3346,2025-11-06,Electronics,343.48,5,20,1373.92,West,Online
4550,2025-11-06,Books,31.81,3,0,95.43,South,Online
5526,2025-11-06,Clothing,86.91,2,0,173.82,West,Online
5860,2025-11-06,Home & Kitchen,226.35,3,0,679.05,North,Online
1049,2025-11-07,Electronics,249.56,3,0,748.68,South,Online
1087,2025-11-07,Books,33.45,6,5,190.67,East,Online
1267,2025-11-07,Clothing,20.63,3,0,61.89,West,Online
1859,2025-11-07,Electronics,695.16,6,0,4170.96,South,In-Store
2360,2025-11-07,Electronics,278.91,5,0,1394.55,North,In-Store
3103,2025-11-07,Sports,105.1,4,10,378.36,West,Online
3321,2025-11-07,Books,6.62,3,0,19.86,South,Online
3576,2025-11-07,Sports,23.85,3,0,71.55,South,In-Store
3853,2025-11-07,Electronics,555.61,4,15,1889.07,West,Online
3981,2025-11-07,Electronics,300.97,3,5,857.76,West,Online
4270,2025-11-07,Clothing,63.03,5,0,315.15,North,Online
4357,2025-11-07,Clothing,99.74,5,15,423.9,West,In-Store
4593,2025-11-07,Home & Kitchen,119.89,3,5,341.69,East,In-Store
4995,2025-11-07,Electronics,390.85,2,0,781.7,South,Online
5218,2025-11-07,Books,35.28,7,0,246.96,East,Online
5221,2025-11-07,Clothing,92.05,4,20,294.56,South,In-Store
5336,2025-11-07,Sports,134.44,3,0,403.32,North,Online
5403,2025-11-07,Home & Kitchen,136.86,5,0,684.3,East,Online
2036,2025-11-08,Electronics,292.45,4,0,1169.8,South,In-Store
3549,2025-11-08,Sports,39.15,5,0,195.75,East,Online
4279,2025-11-08,Electronics,862.46,5,0,4312.3,North,Online
4810,2025-11-08,Home & Kitchen,41.5,4,5,157.7,West,In-Store
5299,2025-11-08,Sports,124.0,2,0,248.0,West,In-Store
5423,2025-11-08,Sports,154.54,5,0,772.7,West,Online
5554,2025-11-08,Home & Kitchen,182.34,3,0,547.02,South,Online
1477,2025-11-09,Clothing,16.75,5,0,83.75,South,Online
1528,2025-11-09,Electronics,371.96,7,0,2603.72,North,In-Store
1543,2025-11-09,Books,20.77,5,20,83.08,South,Online
1602,2025-11-09,Home & Kitchen,213.01,3,0,639.03,East,Online
1733,2025-11-09,Electronics,386.26,5,0,1931.3,West,In-Store
1735,2025-11-09,Sports,150.98,5,0,754.9,North,Online
1868,2025-11-09,Books,16.75,7,0,117.25,West,In-Store
1946,2025-11-09,Electronics,348.88,1,5,331.44,West,Online
3314,2025-11-09,Books,10.97,7,5,72.95,West,Online
3382,2025-11-09,Clothing,19.87,6,10,107.3,North,In-Store
4171,2025-11-09,Home & Kitchen,105.53,6,5,601.52,South,Online
4291,2025-11-09,Clothing,117.52,7,10,740.38,East,Online
4398,2025-11-09,Sports,187.77,2,0,375.54,West,In-Store
4819,2025-11-09,Electronics,286.81,7,5,1907.29,South,Online
5257,2025-11-09,Books,23.45,7,5,155.94,North,In-Store
5505,2025-11-09,Clothing,63.37,3,0,190.11,South,Online
5587,2025-11-09,Books,8.53,4,0,34.12,South,In-Store
1526,2025-11-10,Books,35.67,5,10,160.52,North,Online
1537,2025-11-10,Clothing,56.12,2,5,106.63,North,In-Store
1674,2025-11-10,Home & Kitchen,52.95,4,5,201.21,West,In-Store
1926,2025-11-10,Clothing,95.96,3,5,273.49,East,In-Store
2542,2025-11-10,Electronics,355.0,6,0,2130.0,East,In-Store
2600,2025-11-10,Home & Kitchen,32.02,2,0,64.04,West,Online
2690,2025-11-10,Clothing,25.63,2,0,51.26,South,In-Store
2989,2025-11-10,Home & Kitchen,209.31,1,0,209.31,East,Online
3811,2025-11-10,Electronics,453.59,3,0,1360.77,North,In-Store
4059,2025-11-10,Electronics,422.44,5,0,2112.2,East,Online
4531,2025-11-10,Sports,69.48,6,15,354.35,East,In-Store
4539,2025-11-10,Home & Kitchen,146.89,4,15,499.43,South,In-Store
4611,2025-11-10,Home & Kitchen,27.78,7,0,194.46,East,In-Store
5253,2025-11-10,Electronics,645.37,5,10,2904.16,East,Online
5321,2025-11-10,Electronics,392.94,6,0,2357.64,West,Online
5363,2025-11-10,Clothing,49.02,5,20,196.08,East,In-Store
5845,2025-11-10,Books,23.98,2,0,47.96,North,In-Store
1022,2025-11-11,Home & Kitchen,139.32,1,20,111.46,South,In-Store
1598,2025-11-11,Electronics,831.33,5,0,4156.65,West,In-Store
1651,2025-11-11,Clothing,72.27,4,0,289.08,South,Online
2460,2025-11-11,Clothing,101.08,3,0,303.24,South,Online
2474,2025-11-11,Electronics,720.51,1,0,720.51,East,Online
5927,2025-11-11,Books,8.51,2,0,17.02,North,In-Store
1225,2025-11-12,Home & Kitchen,156.37,2,0,312.74,East,Online
1280,2025-11-12,Books,5.01,4,0,20.04,South,In-Store
1327,2025-11-12,Electronics,449.13,4,0,1796.52,West,Online
1667,2025-11-12,Electronics,433.58,4,5,1647.6,West,Online
2513,2025-11-12,Clothing,37.34,4,5,141.89,East,In-Store
3865,2025-11-12,Clothing,89.45,4,5,339.91,North,In-Store
3901,2025-11-12,Home & Kitchen,152.18,5,0,760.9,East,In-Store
4319,2025-11-12,Electronics,417.57,3,20,1002.17,East,Online
4540,2025-11-12,Electronics,781.27,3,5,2226.62,West,Online
4712,2025-11-12,Electronics,750.05,4,0,3000.2,East,In-Store
4778,2025-11-12,Sports,148.51,4,0,594.04,West,Online
5141,2025-11-12,Sports,40.16,4,0,160.64,East,Online
1793,2025-11-13,Clothing,101.21,6,0,607.26,East,Online
1996,2025-11-13,Electronics,516.96,3,15,1318.25,North,In-Store
2630,2025-11-13,Home & Kitchen,97.46,4,0,389.84,East,In-Store
3023,2025-11-13,Clothing,80.14,4,0,320.56,South,In-Store
4120,2025-11-13,Sports,171.56,6,5,977.89,North,Online
4507,2025-11-13,Clothing,94.29,1,0,94.29,North,Online
4632,2025-11-13,Books,17.77,6,5,101.29,West,Online
5202,2025-11-13,Clothing,50.17,5,0,250.85,East,Online
5597,2025-11-13,Clothing,62.35,1,0,62.35,West,Online
5687,2025-11-13,Home & Kitchen,63.58,4,5,241.6,West,Online
5694,2025-11-13,Electronics,524.69,4,0,2098.76,East,Online
5887,2025-11-13,Electronics,324.53,4,0,1298.12,East,Online
1514,2025-11-14,Clothing,84.02,3,10,226.85,West,Online
1548,2025-11-14,Sports,110.83,3,5,315.87,North,Online
1554,2025-11-14,Sports,65.31,3,0,195.93,East,In-Store
2332,2025-11-14,Books,5.78,5,0,28.9,East,Online
2971,2025-11-14,Clothing,12.64,2,0,25.28,East,Online
3172,2025-11-14,Clothing,43.63,5,0,218.15,West,Online
3960,2025-11-14,Electronics,221.53,4,10,797.51,East,In-Store
4418,2025-11-14,Clothing,34.57,5,0,172.85,West,Online
4429,2025-11-14,Sports,116.27,2,0,232.54,North,Online
4591,2025-11-14,Clothing,56.42,5,0,282.1,West,Online
4803,2025-11-14,Home & Kitchen,55.82,3,0,167.46,North,Online
4832,2025-11-14,Sports,26.91,4,0,107.64,North,In-Store
5262,2025-11-14,Clothing,81.84,3,20,196.42,West,In-Store
5532,2025-11-14,Clothing,70.21,3,0,210.63,East,In-Store
5684,2025-11-14,Electronics,859.02,5,5,4080.34,North,Online
5992,2025-11-14,Home & Kitchen,211.39,5,0,1056.95,North,In-Store
1318,2025-11-15,Electronics,193.91,6,5,1105.29,South,In-Store
1339,2025-11-15,Clothing,47.38,6,5,270.07,East,In-Store
1499,2025-11-15,Home & Kitchen,245.48,3,0,736.44,North,In-Store
1807,2025-11-15,Sports,162.32,4,15,551.89,West,In-Store
2086,2025-11-15,Clothing,38.94,5,10,175.23,South,In-Store
2805,2025-11-15,Electronics,856.8,1,5,813.96,West,Online
2967,2025-11-15,Home & Kitchen,95.86,2,10,172.55,South,Online
3018,2025-11-15,Sports,24.28,7,0,169.96,North,Online
3660,2025-11-15,Sports,46.75,7,0,327.25,East,Online
3955,2025-11-15,Books,10.24,5,0,51.2,North,Online
4318,2025-11-15,Electronics,553.22,5,0,2766.1,South,Online
4448,2025-11-15,Books,21.03,4,5,79.91,West,Online
4453,2025-11-15,Electronics,480.27,4,10,1728.97,West,Online
4677,2025-11-15,Sports,175.52,7,5,1167.21,West,Online
4899,2025-11-15,Clothing,15.11,5,0,75.55,North,Online
5186,2025-11-15,Electronics,171.14,5,0,855.7,West,Online
5275,2025-11-15,Clothing,90.6,4,0,362.4,South,Online
5358,2025-11-15,Clothing,21.28,2,10,38.3,East,In-Store
5676,2025-11-15,Home & Kitchen,208.71,6,0,1252.26,East,Online
5831,2025-11-15,Electronics,788.4,3,0,2365.2,North,In-Store
1492,2025-11-16,Sports,191.21,5,5,908.25,South,In-Store
2184,2025-11-16,Electronics,599.91,3,0,1799.73,South,Online
2306,2025-11-16,Sports,160.03,3,0,480.09,South,In-Store
3063,2025-11-16,Books,18.81,3,15,47.97,West,Online
3298,2025-11-16,Electronics,545.88,7,0,3821.16,South,Online
3956,2025-11-16,Sports,196.49,4,0,785.96,West,Online
3995,2025-11-16,Clothing,50.02,3,5,142.56,North,In-Store
4790,2025-11-16,Clothing,46.1,7,0,322.7,North,Online
5743,2025-11-16,Home & Kitchen,147.72,6,10,797.69,South,In-Store
1422,2025-11-17,Clothing,34.12,5,0,170.6,East,Online
1516,2025-11-17,Home & Kitchen,247.16,4,0,988.64,South,Online
2103,2025-11-17,Books,20.19,3,0,60.57,North,Online
2144,2025-11-17,Electronics,290.08,1,0,290.08,East,In-Store
2230,2025-11-17,Sports,25.43,4,20,81.38,North,In-Store
2468,2025-11-17,Home & Kitchen,81.02,1,5,76.97,West,Online
2603,2025-11-17,Sports,52.0,5,0,260.0,South,Online
2672,2025-11-17,Home & Kitchen,137.9,7,5,917.04,East,Online
2941,2025-11-17,Clothing,53.78,7,0,376.46,East,Online
3201,2025-11-17,Books,23.59,4,10,84.92,West,Online
3394,2025-11-17,Books,14.52,3,0,43.56,West,Online
3586,2025-11-17,Electronics,666.55,5,0,3332.75,East,In-Store
3601,2025-11-17,Clothing,14.15,4,10,50.94,North,Online
3671,2025-11-17,Clothing,54.67,2,0,109.34,East,Online
4055,2025-11-17,Sports,185.62,5,0,928.1,East,In-Store
4839,2025-11-17,Books,39.1,6,5,222.87,North,Online
4942,2025-11-17,Books,26.59,6,0,159.54,North,Online
5254,2025-11-17,Electronics,475.05,1,15,403.79,South,Online
5264,2025-11-17,Home & Kitchen,244.79,4,0,979.16,North,Online
5334,2025-11-17,Clothing,102.01,6,0,612.06,West,Online
5517,2025-11-17,Home & Kitchen,117.4,7,5,780.71,East,Online
5596,2025-11-17,Electronics,558.0,3,0,1674.0,East,Online
1504,2025-11-18,Home & Kitchen,23.48,4,0,93.92,East,Online
1574,2025-11-18,Books,25.41,6,0,152.46,South,In-Store
1662,2025-11-18,Home & Kitchen,122.68,2,0,245.36,West,In-Store
2497,2025-11-18,Sports,49.29,3,0,147.87,West,Online
2580,2025-11-18,Home & Kitchen,112.08,6,0,672.48,East,Online
4327,2025-11-18,Sports,39.44,5,0,197.2,South,In-Store
4589,2025-11-18,Clothing,98.75,4,0,395.0,West,Online
4959,2025-11-18,Clothing,16.01,6,20,76.85,North,Online
5467,2025-11-18,Home & Kitchen,171.58,6,15,875.06,North,Online
5489,2025-11-18,Books,39.58,7,5,263.21,West,In-Store
5561,2025-11-18,Electronics,296.99,5,5,1410.7,East,Online
5872,2025-11-18,Clothing,30.38,3,0,91.14,West,In-Store
1871,2025-11-19,Sports,81.18,7,0,568.26,West,Online
1896,2025-11-19,Home & Kitchen,122.66,7,0,858.62,East,Online
2766,2025-11-19,Clothing,80.88,2,0,161.76,East,Online
3505,2025-11-19,Electronics,473.89,7,0,3317.23,West,Online
4841,2025-11-19,Books,10.77,3,0,32.31,South,Online
5203,2025-11-19,Electronics,690.72,7,0,4835.04,East,Online
1131,2025-11-20,Sports,19.26,2,0,38.52,West,Online
1474,2025-11-20,Home & Kitchen,222.28,3,10,600.16,East,In-Store
2575,2025-11-20,Home & Kitchen,56.4,6,15,287.64,East,Online
2864,2025-11-20,Electronics,767.07,1,15,652.01,North,Online
3204,2025-11-20,Clothing,70.97,3,0,212.91,South,In-Store
3478,2025-11-20,Sports,71.45,4,0,285.8,South,Online
3583,2025-11-20,Books,30.43,3,0,91.29,West,In-Store
3726,2025-11-20,Clothing,19.24,2,0,38.48,North,Online
3794,2025-11-20,Home & Kitchen,141.71,5,0,708.55,East,In-Store
4800,2025-11-20,Sports,95.17,5,0,475.85,North,In-Store
5168,2025-11-20,Electronics,325.62,5,0,1628.1,West,Online
5245,2025-11-20,Home & Kitchen,165.03,6,5,940.67,North,Online
5401,2025-11-20,Books,25.13,3,0,75.39,North,In-Store
1057,2025-11-21,Clothing,77.74,2,15,132.16,West,Online
1350,2025-11-21,Clothing,68.01,2,5,129.22,South,Online
1428,2025-11-21,Books,7.9,6,0,47.4,North,Online
1752,2025-11-21,Electronics,453.99,4,10,1634.36,East,In-Store
2244,2025-11-21,Home & Kitchen,60.49,2,0,120.98,East,In-Store
2394,2025-11-21,Electronics,516.85,5,0,2584.25,South,Online
2405,2025-11-21,Clothing,44.07,6,15,224.76,South,Online
2923,2025-11-21,Sports,193.43,4,0,773.72,West,In-Store
3014,2025-11-21,Sports,189.89,4,0,759.56,West,In-Store
3084,2025-11-21,Clothing,32.7,3,0,98.1,East,Online
3197,2025-11-21,Electronics,700.4,7,0,4902.8,West,Online
3510,2025-11-21,Electronics,451.23,7,0,3158.61,South,In-Store
3926,2025-11-21,Electronics,163.92,7,0,1147.44,North,Online
3931,2025-11-21,Electronics,670.09,2,0,1340.18,East,Online
5065,2025-11-21,Sports,117.11,4,0,468.44,East,In-Store
1193,2025-11-22,Home & Kitchen,24.24,2,0,48.48,East,Online
1247,2025-11-22,Sports,147.37,3,0,442.11,North,Online
1901,2025-11-22,Sports,34.65,3,0,103.95,West,Online
2166,2025-11-22,Clothing,94.04,4,20,300.93,North,Online
2794,2025-11-22,Sports,118.81,4,0,475.24,South,Online
3410,2025-11-22,Electronics,770.25,2,0,1540.5,North,Online
4200,2025-11-22,Sports,50.71,3,0,152.13,South,Online
5161,2025-11-22,Home & Kitchen,70.03,4,0,280.12,South,Online
5192,2025-11-22,Clothing,58.84,5,0,294.2,West,Online
5447,2025-11-22,Books,15.47,4,0,61.88,West,Online
5695,2025-11-22,Electronics,433.19,3,0,1299.57,West,Online
1073,2025-11-23,Books,31.37,6,0,188.22,East,In-Store
1472,2025-11-23,Sports,89.17,6,0,535.02,South,In-Store
1589,2025-11-23,Electronics,749.79,6,15,3823.93,North,Online
2393,2025-11-23,Clothing,45.12,5,0,225.6,North,In-Store
3599,2025-11-23,Electronics,334.7,6,0,2008.2,West,Online
3807,2025-11-23,Clothing,57.67,5,0,288.35,East,Online
4408,2025-11-23,Clothing,107.04,3,0,321.12,West,Online
4483,2025-11-23,Books,26.37,3,5,75.15,West,In-Store
4582,2025-11-23,Home & Kitchen,54.72,5,15,232.56,West,Online
4659,2025-11-23,Clothing,91.54,3,0,274.62,North,Online
5199,2025-11-23,Clothing,97.01,6,0,582.06,North,In-Store
5748,2025-11-23,Books,31.64,3,0,94.92,North,Online
2141,2025-11-24,Home & Kitchen,94.91,3,0,284.73,North,Online
2156,2025-11-24,Home & Kitchen,163.33,6,0,979.98,North,Online
2500,2025-11-24,Home & Kitchen,85.69,6,0,514.14,East,Online
2639,2025-11-24,Electronics,175.72,1,0,175.72,East,Online
2991,2025-11-24,Sports,44.9,6,5,255.93,East,Online
3162,2025-11-24,Books,20.1,3,0,60.3,South,Online
3963,2025-11-24,Sports,176.74,5,0,883.7,South,Online
4334,2025-11-24,Sports,51.53,4,5,195.81,South,Online
4548,2025-11-24,Home & Kitchen,133.44,5,0,667.2,West,Online
4937,2025-11-24,Electronics,404.63,3,5,1153.2,West,Online
5756,2025-11-24,Clothing,26.49,4,0,105.96,North,Online
1299,2025-11-25,Home & Kitchen,67.31,2,0,134.62,West,In-Store
1411,2025-11-25,Electronics,152.38,1,0,152.38,North,In-Store
1658,2025-11-25,Electronics,458.48,6,5,2613.34,East,In-Store
2305,2025-11-25,Sports,150.37,5,0,751.85,East,In-Store
2353,2025-11-25,Clothing,27.99,1,0,27.99,North,Online
2404,2025-11-25,Electronics,163.98,3,5,467.34,East,In-Store
2763,2025-11-25,Home & Kitchen,208.45,3,5,594.08,North,Online
3062,2025-11-25,Home & Kitchen,176.02,6,5,1003.31,North,Online
3177,2025-11-25,Electronics,381.32,5,0,1906.6,West,Online
3231,2025-11-25,Books,35.15,3,20,84.36,South,Online
4012,2025-11-25,Home & Kitchen,202.83,5,5,963.44,West,In-Store
4409,2025-11-25,Clothing,21.32,7,10,134.32,East,In-Store
4653,2025-11-25,Books,36.34,1,0,36.34,North,Online
4922,2025-11-25,Sports,72.02,4,0,288.08,South,In-Store
5490,2025-11-25,Sports,108.28,5,0,541.4,North,Online
5988,2025-11-25,Books,24.09,7,0,168.63,West,Online
1179,2025-11-26,Electronics,438.07,1,0,438.07,South,In-Store
1714,2025-11-26,Clothing,51.12,7,5,339.95,East,Online
1972,2025-11-26,Electronics,676.8,4,5,2571.84,West,Online
2125,2025-11-26,Home & Kitchen,127.06,4,0,508.24,East,In-Store
2259,2025-11-26,Sports,41.18,5,0,205.9,East,Online
2263,2025-11-26,Electronics,865.6,4,0,3462.4,South,Online
2807,2025-11-26,Home & Kitchen,117.13,6,0,702.78,West,Online
2815,2025-11-26,Books,23.18,4,0,92.72,North,Online
2933,2025-11-26,Clothing,21.01,5,0,105.05,South,Online
3335,2025-11-26,Clothing,86.53,3,0,259.59,North,Online
3523,2025-11-26,Electronics,301.08,2,0,602.16,South,Online
3581,2025-11-26,Sports,47.95,4,0,191.8,East,Online
4350,2025-11-26,Books,8.67,4,5,32.95,North,Online
5783,2025-11-26,Clothing,15.17,3,0,45.51,West,Online
5899,2025-11-26,Home & Kitchen,212.17,2,0,424.34,East,Online
1001,2025-11-27,Clothing,46.71,4,10,168.16,North,In-Store
1070,2025-11-27,Electronics,257.24,3,10,694.55,West,In-Store
1242,2025-11-27,Home & Kitchen,88.28,1,0,88.28,East,Online
1272,2025-11-27,Sports,66.75,3,5,190.24,East,Online
1649,2025-11-27,Home & Kitchen,22.23,3,0,66.69,East,Online
1737,2025-11-27,Home & Kitchen,188.96,7,0,1322.72,South,Online
2038,2025-11-27,Clothing,39.51,5,0,197.55,West,Online
2121,2025-11-27,Sports,198.53,5,10,893.38,South,Online
2201,2025-11-27,Home & Kitchen,124.64,7,0,872.48,West,In-Store
2324,2025-11-27,Home & Kitchen,230.09,2,0,460.18,West,Online
2498,2025-11-27,Clothing,33.15,1,15,28.18,West,Online
2788,2025-11-27,Home & Kitchen,176.44,4,20,564.61,East,In-Store
2900,2025-11-27,Clothing,12.47,5,10,56.12,South,In-Store
3017,2025-11-27,Home & Kitchen,165.61,3,0,496.83,South,In-Store
3371,2025-11-27,Clothing,115.19,4,0,460.76,South,In-Store
3374,2025-11-27,Electronics,608.65,5,0,3043.25,South,Online
3822,2025-11-27,Clothing,98.4,5,0,492.0,East,Online
4438,2025-11-27,Books,40.0,5,10,180.0,South,Online
4714,2025-11-27,Clothing,47.25,3,0,141.75,South,Online
5231,2025-11-27,Books,33.93,4,10,122.15,South,Online
5560,2025-11-27,Books,11.64,6,0,69.84,North,In-Store
5807,2025-11-27,Electronics,237.1,4,0,948.4,North,In-Store
1985,2025-11-28,Home & Kitchen,20.14,2,0,40.28,West,Online
2138,2025-11-28,Clothing,42.8,1,0,42.8,South,Online
3544,2025-11-28,Clothing,82.62,6,0,495.72,South,In-Store
4030,2025-11-28,Sports,197.47,4,0,789.88,South,Online
5214,2025-11-28,Home & Kitchen,210.1,4,0,840.4,West,In-Store
5463,2025-11-28,Electronics,199.99,2,0,399.98,South,Online
5664,2025-11-28,Clothing,22.47,4,0,89.88,East,Online
5673,2025-11-28,Electronics,596.0,6,10,3218.4,West,In-Store
1717,2025-11-29,Books,12.06,5,5,57.28,North,In-Store
1929,2025-11-29,Electronics,258.18,5,10,1161.81,North,Online
1970,2025-11-29,Clothing,12.71,4,10,45.76,West,In-Store
2071,2025-11-29,Clothing,42.41,4,0,169.64,North,In-Store
2294,2025-11-29,Clothing,14.91,5,0,74.55,East,Online
2452,2025-11-29,Electronics,223.83,4,5,850.55,East,Online
2503,2025-11-29,Books,34.11,6,0,204.66,West,In-Store
2614,2025-11-29,Home & Kitchen,196.74,3,0,590.22,North,Online
2785,2025-11-29,Home & Kitchen,44.54,2,0,89.08,South,Online
2873,2025-11-29,Clothing,33.36,4,20,106.75,West,Online
3181,2025-11-29,Clothing,91.13,2,0,182.26,East,In-Store
3808,2025-11-29,Sports,130.85,4,20,418.72,North,In-Store
4247,2025-11-29,Books,31.89,2,10,57.4,North,Online
4384,2025-11-29,Home & Kitchen,138.75,6,0,832.5,East,Online
4474,2025-11-29,Sports,41.86,4,10,150.7,East,In-Store
4504,2025-11-29,Books,32.76,4,10,117.94,West,Online
4509,2025-11-29,Clothing,65.74,4,0,262.96,South,Online
5089,2025-11-29,Clothing,63.69,4,0,254.76,East,In-Store
5438,2025-11-29,Electronics,844.74,2,0,1689.48,North,Online
5546,2025-11-29,Clothing,13.03,3,0,39.09,North,In-Store
1118,2025-11-30,Books,39.68,4,5,150.78,East,In-Store
1366,2025-11-30,Sports,23.91,5,0,119.55,North,Online
1647,2025-11-30,Electronics,401.72,4,10,1446.19,East,Online
1720,2025-11-30,Electronics,418.6,4,0,1674.4,East,In-Store
2120,2025-11-30,Books,20.12,3,0,60.36,North,Online
3134,2025-11-30,Electronics,153.08,4,0,612.32,North,In-Store
3432,2025-11-30,Clothing,20.21,3,0,60.63,South,Online
3502,2025-11-30,Sports,123.43,2,10,222.17,North,Online
3862,2025-11-30,Clothing,68.07,4,0,272.28,South,Online
4366,2025-11-30,Books,16.05,2,5,30.5,South,Online
4742,2025-11-30,Electronics,640.3,6,5,3649.71,South,Online
5375,2025-11-30,Electronics,529.94,6,0,3179.64,East,Online
5437,2025-11-30,Books,28.15,5,0,140.75,South,In-Store
5557,2025-11-30,Sports,163.61,6,0,981.66,North,Online
5588,2025-11-30,Home & Kitchen,226.76,6,0,1360.56,West,Online
1792,2025-12-01,Books,17.33,4,15,58.92,East,Online
2454,2025-12-01,Sports,142.59,4,0,570.36,East,Online
2571,2025-12-01,Sports,106.3,4,0,425.2,South,In-Store
2715,2025-12-01,Clothing,92.19,4,0,368.76,North,Online
2868,2025-12-01,Home & Kitchen,96.42,7,0,674.94,South,Online
2874,2025-12-01,Clothing,34.53,5,0,172.65,East,In-Store
3227,2025-12-01,Clothing,64.2,5,5,304.95,West,Online
3475,2025-12-01,Clothing,51.08,3,0,153.24,East,Online
3686,2025-12-01,Sports,99.06,5,5,470.54,East,In-Store
3923,2025-12-01,Clothing,26.33,4,0,105.32,South,Online
4244,2025-12-01,Electronics,268.23,3,0,804.69,South,In-Store
4538,2025-12-01,Clothing,32.59,3,0,97.77,East,In-Store
4691,2025-12-01,Clothing,66.95,3,5,190.81,South,Online
5014,2025-12-01,Home & Kitchen,57.8,1,5,54.91,North,Online
5335,2025-12-01,Clothing,13.0,6,10,70.2,North,Online
1329,2025-12-02,Home & Kitchen,118.64,1,0,118.64,South,Online
1741,2025-12-02,Electronics,335.14,2,0,670.28,North,Online
1810,2025-12-02,Clothing,34.1,3,5,97.18,South,Online
2266,2025-12-02,Books,24.74,4,0,98.96,East,In-Store
2402,2025-12-02,Home & Kitchen,60.18,3,0,180.54,East,In-Store
2643,2025-12-02,Books,29.48,6,5,168.04,South,Online
3042,2025-12-02,Books,19.89,4,0,79.56,South,Online
3101,2025-12-02,Sports,163.69,3,0,491.07,West,In-Store
3228,2025-12-02,Clothing,84.21,4,0,336.84,South,Online
3309,2025-12-02,Electronics,343.48,6,0,2060.88,South,In-Store
3803,2025-12-02,Electronics,368.93,3,0,1106.79,North,Online
3902,2025-12-02,Sports,151.91,4,0,607.64,West,Online
4338,2025-12-02,Clothing,105.13,5,10,473.08,North,Online
4776,2025-12-02,Electronics,742.63,6,0,4455.78,North,Online
5183,2025-12-02,Home & Kitchen,35.06,2,20,56.1,South,Online
5495,2025-12-02,Electronics,367.57,5,0,1837.85,East,In-Store
5518,2025-12-02,Electronics,365.56,4,15,1242.9,North,Online
1642,2025-12-03,Sports,78.97,4,5,300.09,North,Online
1873,2025-12-03,Clothing,113.14,3,0,339.42,East,Online
2011,2025-12-03,Clothing,22.12,5,0,110.6,North,Online
2210,2025-12-03,Clothing,72.96,7,0,510.72,West,Online
3563,2025-12-03,Clothing,68.35,4,10,246.06,West,Online
3900,2025-12-03,Books,38.1,4,0,152.4,West,Online
4259,2025-12-03,Electronics,542.24,4,0,2168.96,West,In-Store
4821,2025-12-03,Home & Kitchen,109.79,3,20,263.5,South,Online
5061,2025-12-03,Home & Kitchen,171.99,2,20,275.18,South,Online
5225,2025-12-03,Home & Kitchen,228.54,3,0,685.62,South,In-Store
5544,2025-12-03,Clothing,56.76,5,5,269.61,East,Online
5885,2025-12-03,Books,16.76,7,20,93.86,West,In-Store
1034,2025-12-04,Clothing,59.33,5,0,296.65,West,In-Store
1383,2025-12-04,Home & Kitchen,173.02,3,0,519.06,West,Online
1583,2025-12-04,Home & Kitchen,218.87,4,0,875.48,East,In-Store
1600,2025-12-04,Electronics,172.85,7,0,1209.95,North,Online
2207,2025-12-04,Sports,122.26,4,20,391.23,East,Online
2970,2025-12-04,Electronics,463.44,3,5,1320.8,East,In-Store
4484,2025-12-04,Sports,78.81,6,0,472.86,South,In-Store
4926,2025-12-04,Sports,136.19,5,20,544.76,West,In-Store
5042,2025-12-04,Clothing,91.2,3,0,273.6,North,Online
5415,2025-12-04,Electronics,390.16,3,0,1170.48,North,In-Store
5417,2025-12-04,Books,31.24,2,5,59.36,North,Online
5977,2025-12-04,Electronics,600.18,5,5,2850.85,North,Online
1565,2025-12-05,Clothing,118.97,5,0,594.85,South,In-Store
2413,2025-12-05,Clothing,76.72,4,0,306.88,West,Online
3292,2025-12-05,Books,13.57,2,0,27.14,North,Online
3325,2025-12-05,Clothing,26.41,4,0,105.64,North,Online
3444,2025-12-05,Electronics,438.64,6,5,2500.25,East,In-Store
3692,2025-12-05,Sports,153.63,3,10,414.8,South,Online
3749,2025-12-05,Home & Kitchen,34.32,4,0,137.28,North,Online
3795,2025-12-05,Home & Kitchen,218.13,2,0,436.26,North,Online
3986,2025-12-05,Electronics,704.83,3,0,2114.49,West,Online
4305,2025-12-05,Electronics,439.88,7,5,2925.2,North,In-Store
5067,2025-12-05,Clothing,21.4,6,0,128.4,North,Online
5464,2025-12-05,Home & Kitchen,126.88,4,5,482.14,West,In-Store
1006,2025-12-06,Electronics,662.45,4,15,2252.33,West,Online
1376,2025-12-06,Electronics,537.43,2,0,1074.86,North,Online
1557,2025-12-06,Sports,153.35,1,0,153.35,North,Online
2111,2025-12-06,Home & Kitchen,92.89,3,0,278.67,East,Online
2313,2025-12-06,Electronics,543.33,4,0,2173.32,East,Online
2755,2025-12-06,Electronics,714.09,7,10,4498.77,South,In-Store
2959,2025-12-06,Electronics,331.75,4,0,1327.0,West,In-Store
3575,2025-12-06,Electronics,285.81,4,0,1143.24,North,Online
3604,2025-12-06,Clothing,87.47,6,0,524.82,West,Online
3759,2025-12-06,Sports,43.9,3,10,118.53,East,Online
3760,2025-12-06,Clothing,93.23,6,0,559.38,East,Online
4316,2025-12-06,Electronics,650.74,5,0,3253.7,West,Online
4419,2025-12-06,Books,19.18,5,15,81.52,West,In-Store
4935,2025-12-06,Electronics,860.74,7,0,6025.18,North,Online
5011,2025-12-06,Clothing,12.7,1,5,12.06,South,Online
5044,2025-12-06,Electronics,876.62,7,0,6136.34,South,In-Store
5380,2025-12-06,Clothing,23.38,2,0,46.76,North,Online
5639,2025-12-06,Electronics,775.03,2,0,1550.06,West,In-Store
5934,2025-12-06,Home & Kitchen,212.95,2,5,404.6,North,Online
5994,2025-12-06,Home & Kitchen,122.51,5,0,612.55,North,Online
1802,2025-12-07,Clothing,107.29,2,0,214.58,North,Online
1919,2025-12-07,Sports,24.02,3,0,72.06,East,Online
2079,2025-12-07,Clothing,50.26,3,0,150.78,North,Online
2911,2025-12-07,Electronics,521.63,4,0,2086.52,East,Online
3251,2025-12-07,Clothing,37.59,4,0,150.36,West,In-Store
3345,2025-12-07,Electronics,180.21,3,10,486.57,North,In-Store
3613,2025-12-07,Books,25.01,3,0,75.03,West,Online
3667,2025-12-07,Electronics,521.75,4,0,2087.0,North,Online
3886,2025-12-07,Home & Kitchen,186.25,2,20,298.0,North,Online
3967,2025-12-07,Sports,165.18,6,20,792.86,South,Online
4164,2025-12-07,Sports,57.53,1,0,57.53,South,Online
4406,2025-12-07,Home & Kitchen,249.33,7,0,1745.31,West,Online
4473,2025-12-07,Clothing,66.65,4,0,266.6,North,Online
4508,2025-12-07,Home & Kitchen,187.64,2,0,375.28,West,Online
4516,2025-12-07,Electronics,882.76,6,0,5296.56,East,Online
4547,2025-12-07,Sports,89.28,2,5,169.63,North,Online
4665,2025-12-07,Clothing,86.3,6,0,517.8,West,Online
5003,2025-12-07,Clothing,59.14,4,15,201.08,South,Online
5926,2025-12-07,Clothing,62.82,4,0,251.28,West,Online
1046,2025-12-08,Home & Kitchen,55.66,6,0,333.96,South,In-Store
1086,2025-12-08,Sports,120.28,2,0,240.56,North,Online
1139,2025-12-08,Electronics,897.66,3,0,2692.98,North,Online
2073,2025-12-08,Electronics,417.15,4,0,1668.6,North,In-Store
2449,2025-12-08,Clothing,25.86,5,0,129.3,South,In-Store
2736,2025-12-08,Clothing,32.92,3,0,98.76,East,In-Store
2739,2025-12-08,Electronics,818.59,3,0,2455.77,South,In-Store
2746,2025-12-08,Home & Kitchen,72.0,6,5,410.4,West,Online
2804,2025-12-08,Clothing,68.29,6,5,389.25,South,Online
3336,2025-12-08,Home & Kitchen,119.81,5,0,599.05,West,Online
3844,2025-12-08,Electronics,477.82,5,5,2269.64,West,In-Store
4134,2025-12-08,Electronics,428.43,3,0,1285.29,West,Online
4226,2025-12-08,Clothing,42.47,7,5,282.43,North,In-Store
4383,2025-12-08,Sports,196.56,4,0,786.24,North,Online
4588,2025-12-08,Clothing,86.92,2,20,139.07,South,In-Store
4685,2025-12-08,Books,33.84,1,5,32.15,North,Online
5243,2025-12-08,Sports,26.4,5,0,132.0,East,Online
5352,2025-12-08,Electronics,548.21,4,0,2192.84,East,In-Store
5593,2025-12-08,Books,16.49,3,0,49.47,West,Online
5823,2025-12-08,Sports,15.38,7,0,107.66,East,Online
5835,2025-12-08,Clothing,26.22,3,0,78.66,East,Online
1294,2025-12-09,Clothing,26.52,4,0,106.08,East,In-Store
1357,2025-12-09,Electronics,405.29,2,0,810.58,East,Online
1401,2025-12-09,Home & Kitchen,89.54,7,0,626.78,South,Online
1679,2025-12-09,Sports,159.27,3,0,477.81,North,In-Store
3115,2025-12-09,Home & Kitchen,188.03,7,0,1316.21,East,In-Store
3219,2025-12-09,Electronics,228.98,5,0,1144.9,West,Online
3304,2025-12-09,Clothing,37.43,5,0,187.15,South,Online
3651,2025-12-09,Clothing,77.92,1,0,77.92,North,Online
3852,2025-12-09,Electronics,230.49,6,0,1382.94,South,Online
4399,2025-12-09,Books,5.11,3,0,15.33,North,Online
5116,2025-12-09,Home & Kitchen,173.82,3,0,521.46,North,Online
5757,2025-12-09,Home & Kitchen,235.5,6,10,1271.7,West,Online
5817,2025-12-09,Electronics,547.54,7,0,3832.78,South,Online
1396,2025-12-10,Clothing,116.04,5,15,493.17,East,Online
2012,2025-12-10,Electronics,259.22,6,0,1555.32,South,In-Store
2577,2025-12-10,Clothing,45.38,6,0,272.28,South,Online
2657,2025-12-10,Home & Kitchen,86.24,5,10,388.08,North,Online
3132,2025-12-10,Books,8.52,7,5,56.66,East,In-Store
3801,2025-12-10,Electronics,430.81,5,5,2046.35,West,Online
4201,2025-12-10,Electronics,216.56,3,10,584.71,South,In-Store
4534,2025-12-10,Sports,150.8,4,0,603.2,North,Online
4587,2025-12-10,Electronics,463.5,2,5,880.65,South,Online
4684,2025-12-10,Books,39.79,4,5,151.2,East,Online
5371,2025-12-10,Books,6.39,5,0,31.95,South,Online
1003,2025-12-11,Home & Kitchen,160.73,4,0,642.92,South,Online
1570,2025-12-11,Clothing,40.28,3,0,120.84,West,In-Store
2246,2025-12-11,Sports,102.48,4,15,348.43,West,Online
2427,2025-12-11,Sports,141.3,4,10,508.68,West,Online
2539,2025-12-11,Sports,24.74,2,0,49.48,East,Online
2644,2025-12-11,Sports,37.47,4,0,149.88,East,Online
2708,2025-12-11,Home & Kitchen,86.64,6,0,519.84,North,Online
2754,2025-12-11,Books,21.87,5,0,109.35,North,Online
2997,2025-12-11,Clothing,116.55,5,0,582.75,South,In-Store
4377,2025-12-11,Clothing,78.62,5,0,393.1,West,In-Store
4731,2025-12-11,Clothing,119.14,1,5,113.18,East,Online
5478,2025-12-11,Sports,136.45,3,0,409.35,South,Online
5839,2025-12-11,Clothing,78.4,7,0,548.8,West,In-Store
1028,2025-12-12,Clothing,34.91,4,0,139.64,North,Online
1133,2025-12-12,Sports,38.06,1,0,38.06,East,Online
1442,2025-12-12,Clothing,44.31,6,20,212.69,North,Online
1805,2025-12-12,Books,19.83,3,10,53.54,West,Online
1974,2025-12-12,Books,26.83,5,15,114.03,North,Online
2217,2025-12-12,Electronics,250.65,3,10,676.76,South,In-Store
2548,2025-12-12,Sports,191.61,3,10,517.35,West,Online
2642,2025-12-12,Clothing,61.62,7,20,345.07,East,In-Store
2685,2025-12-12,Home & Kitchen,88.44,1,5,84.02,West,Online
2852,2025-12-12,Home & Kitchen,60.99,5,0,304.95,West,Online
3320,2025-12-12,Home & Kitchen,79.01,4,0,316.04,East,In-Store
3946,2025-12-12,Clothing,84.29,4,10,303.44,South,Online
3983,2025-12-12,Home & Kitchen,89.37,3,0,268.11,North,Online
4450,2025-12-12,Electronics,154.84,5,0,774.2,West,Online
5416,2025-12-12,Books,5.92,5,0,29.6,South,Online
5613,2025-12-12,Home & Kitchen,104.45,4,0,417.8,South,Online
5929,2025-12-12,Home & Kitchen,95.82,6,10,517.43,West,In-Store
1136,2025-12-13,Clothing,34.71,6,0,208.26,East,Online
2247,2025-12-13,Home & Kitchen,218.04,5,0,1090.2,East,In-Store
2750,2025-12-13,Sports,40.21,2,0,80.42,West,Online
2929,2025-12-13,Electronics,172.64,5,5,820.04,East,Online
2953,2025-12-13,Electronics,252.91,3,0,758.73,West,In-Store
3466,2025-12-13,Home & Kitchen,148.58,5,0,742.9,East,Online
3637,2025-12-13,Clothing,57.47,2,0,114.94,South,In-Store
4009,2025-12-13,Books,39.43,1,10,35.49,North,Online
4323,2025-12-13,Home & Kitchen,149.68,3,0,449.04,West,Online
4609,2025-12-13,Home & Kitchen,208.43,2,20,333.49,North,In-Store
4706,2025-12-13,Books,32.33,6,0,193.98,West,Online
5509,2025-12-13,Home & Kitchen,236.18,5,0,1180.9,West,Online
1081,2025-12-14,Clothing,52.71,5,20,210.84,West,Online
2172,2025-12-14,Home & Kitchen,228.14,5,0,1140.7,East,In-Store
2240,2025-12-14,Sports,184.58,4,5,701.4,West,Online
2302,2025-12-14,Books,13.54,4,0,54.16,West,Online
2790,2025-12-14,Books,10.69,3,0,32.07,South,In-Store
2808,2025-12-14,Books,33.46,7,0,234.22,South,Online
3427,2025-12-14,Sports,67.64,5,0,338.2,North,Online
4275,2025-12-14,Clothing,35.93,4,0,143.72,North,In-Store
4818,2025-12-14,Electronics,488.76,5,0,2443.8,South,Online
4879,2025-12-14,Books,20.0,5,0,100.0,East,Online
5112,2025-12-14,Clothing,114.09,5,0,570.45,North,Online
5159,2025-12-14,Home & Kitchen,176.64,1,0,176.64,South,Online
5663,2025-12-14,Sports,56.59,5,5,268.8,West,Online
5786,2025-12-14,Electronics,624.17,4,0,2496.68,South,In-Store
1171,2025-12-15,Clothing,91.16,1,0,91.16,South,In-Store
1468,2025-12-15,Clothing,49.44,4,10,177.98,South,In-Store
1902,2025-12-15,Clothing,94.13,2,0,188.26,South,Online
2831,2025-12-15,Electronics,437.83,6,10,2364.28,South,Online
3217,2025-12-15,Electronics,303.2,3,0,909.6,South,Online
3220,2025-12-15,Electronics,298.8,2,5,567.72,North,Online
3558,2025-12-15,Home & Kitchen,130.84,3,0,392.52,South,Online
3980,2025-12-15,Home & Kitchen,24.75,2,0,49.5,South,In-Store
4076,2025-12-15,Electronics,229.61,1,0,229.61,West,Online
4257,2025-12-15,Clothing,114.81,3,0,344.43,North,In-Store
4363,2025-12-15,Clothing,54.22,5,0,271.1,South,In-Store
4579,2025-12-15,Clothing,33.7,4,20,107.84,East,Online
4861,2025-12-15,Electronics,310.5,5,0,1552.5,East,Online
5449,2025-12-15,Home & Kitchen,34.13,4,0,136.52,South,Online
5625,2025-12-15,Books,8.27,7,0,57.89,West,In-Store
2564,2025-12-16,Home & Kitchen,98.26,2,0,196.52,South,In-Store
3464,2025-12-16,Electronics,225.11,5,0,1125.55,East,Online
3616,2025-12-16,Electronics,401.34,4,0,1605.36,North,Online
3797,2025-12-16,Sports,183.83,3,0,551.49,South,In-Store
4082,2025-12-16,Electronics,882.07,4,0,3528.28,West,Online
4354,2025-12-16,Electronics,882.65,2,0,1765.3,West,Online
5420,2025-12-16,Home & Kitchen,131.14,3,0,393.42,West,In-Store
2505,2025-12-17,Books,9.41,3,5,26.82,North,Online
2826,2025-12-17,Home & Kitchen,82.95,3,15,211.52,South,In-Store
2908,2025-12-17,Clothing,39.83,7,5,264.87,North,Online
3526,2025-12-17,Clothing,91.49,5,5,434.58,South,Online
3531,2025-12-17,Home & Kitchen,162.82,7,5,1082.75,East,In-Store
3799,2025-12-17,Home & Kitchen,70.88,5,0,354.4,South,In-Store
4487,2025-12-17,Clothing,12.46,3,0,37.38,South,Online
4847,2025-12-17,Clothing,80.92,5,20,323.68,North,In-Store
5040,2025-12-17,Clothing,57.41,3,0,172.23,North,In-Store
1098,2025-12-18,Clothing,83.43,2,10,150.17,South,Online
1489,2025-12-18,Sports,86.11,5,5,409.02,West,Online
1505,2025-12-18,Clothing,44.42,6,0,266.52,West,Online
1854,2025-12-18,Home & Kitchen,112.0,5,0,560.0,South,In-Store
2152,2025-12-18,Electronics,303.89,3,0,911.67,West,In-Store
2487,2025-12-18,Electronics,434.17,5,5,2062.31,North,Online
2511,2025-12-18,Clothing,85.9,2,5,163.21,South,In-Store
2966,2025-12-18,Sports,19.46,3,0,58.38,West,In-Store
3178,2025-12-18,Electronics,423.05,2,0,846.1,East,In-Store
3239,2025-12-18,Clothing,92.29,6,20,442.99,West,In-Store
3284,2025-12-18,Clothing,86.01,5,5,408.55,East,Online
3365,2025-12-18,Books,24.62,4,20,78.78,West,In-Store
3914,2025-12-18,Home & Kitchen,66.8,2,5,126.92,North,In-Store
4857,2025-12-18,Home & Kitchen,150.65,3,0,451.95,North,Online
5360,2025-12-18,Home & Kitchen,119.54,5,0,597.7,West,Online
5444,2025-12-18,Clothing,32.38,4,15,110.09,South,In-Store
1188,2025-12-19,Electronics,270.3,7,5,1797.5,North,In-Store
1210,2025-12-19,Clothing,19.67,6,0,118.02,North,In-Store
1219,2025-12-19,Sports,47.23,7,0,330.61,South,In-Store
1308,2025-12-19,Clothing,42.73,5,0,213.65,North,Online
1377,2025-12-19,Home & Kitchen,204.59,2,15,347.8,South,Online
2257,2025-12-19,Books,7.57,5,0,37.85,East,Online
2968,2025-12-19,Electronics,162.99,3,0,488.97,North,Online
3013,2025-12-19,Home & Kitchen,44.28,4,5,168.26,East,Online
3080,2025-12-19,Electronics,190.81,5,10,858.64,North,Online
4190,2025-12-19,Books,25.64,2,0,51.28,West,Online
4865,2025-12-19,Books,25.89,4,0,103.56,West,Online
5162,2025-12-19,Books,37.48,4,5,142.42,South,In-Store
5327,2025-12-19,Home & Kitchen,184.1,5,0,920.5,South,Online
5619,2025-12-19,Clothing,46.33,5,0,231.65,South,Online
5657,2025-12-19,Electronics,501.84,2,0,1003.68,South,Online
1187,2025-12-20,Clothing,105.09,2,5,199.67,West,In-Store
2112,2025-12-20,Electronics,232.91,4,5,885.06,North,Online
3008,2025-12-20,Books,16.48,4,10,59.33,North,Online
3277,2025-12-20,Electronics,308.16,6,20,1479.17,South,Online
3690,2025-12-20,Clothing,39.8,5,0,199.0,West,In-Store
3845,2025-12-20,Sports,158.32,1,0,158.32,South,Online
5527,2025-12-20,Home & Kitchen,105.66,3,0,316.98,East,Online
5933,2025-12-20,Home & Kitchen,193.38,3,15,493.12,North,In-Store
1359,2025-12-21,Electronics,824.14,3,0,2472.42,South,In-Store
1738,2025-12-21,Electronics,173.2,1,10,155.88,West,Online
2507,2025-12-21,Clothing,75.62,5,0,378.1,South,In-Store
2598,2025-12-21,Clothing,100.49,2,5,190.93,North,Online
4420,2025-12-21,Sports,18.52,3,0,55.56,East,Online
1191,2025-12-22,Clothing,93.23,6,0,559.38,South,Online
1675,2025-12-22,Clothing,43.87,6,0,263.22,South,Online
2080,2025-12-22,Books,15.79,4,0,63.16,North,Online
2204,2025-12-22,Home & Kitchen,64.75,5,0,323.75,North,Online
2656,2025-12-22,Electronics,514.83,2,0,1029.66,West,Online
2724,2025-12-22,Clothing,21.53,2,0,43.06,West,Online
3229,2025-12-22,Clothing,89.57,4,0,358.28,East,In-Store
3258,2025-12-22,Home & Kitchen,51.48,4,0,205.92,North,In-Store
3451,2025-12-22,Home & Kitchen,190.84,5,20,763.36,East,In-Store
4597,2025-12-22,Books,29.69,7,0,207.83,North,In-Store
4761,2025-12-22,Home & Kitchen,222.79,5,15,946.86,West,Online
1063,2025-12-23,Sports,164.26,3,0,492.78,West,Online
1369,2025-12-23,Clothing,22.64,5,10,101.88,North,Online
1818,2025-12-23,Sports,171.8,5,5,816.05,West,In-Store
1846,2025-12-23,Home & Kitchen,28.6,1,0,28.6,South,Online
1893,2025-12-23,Electronics,387.68,4,5,1473.18,West,Online
2352,2025-12-23,Clothing,86.56,3,0,259.68,East,Online
2671,2025-12-23,Books,14.11,5,5,67.02,South,In-Store
3015,2025-12-23,Electronics,295.54,3,0,886.62,East,Online
3067,2025-12-23,Books,28.09,4,5,106.74,West,In-Store
3253,2025-12-23,Electronics,874.43,5,0,4372.15,North,Online
3830,2025-12-23,Clothing,95.49,2,0,190.98,South,Online
4380,2025-12-23,Clothing,65.99,6,0,395.94,North,Online
4432,2025-12-23,Electronics,826.29,7,15,4916.43,West,Online
4662,2025-12-23,Clothing,70.89,5,5,336.73,North,Online
4688,2025-12-23,Books,30.44,7,5,202.43,North,Online
4950,2025-12-23,Electronics,450.0,5,0,2250.0,South,In-Store
5606,2025-12-23,Clothing,93.55,6,0,561.3,West,In-Store
5623,2025-12-23,Books,14.75,4,0,59.0,East,Online
1418,2025-12-24,Home & Kitchen,146.3,4,0,585.2,North,In-Store
1420,2025-12-24,Electronics,204.68,7,0,1432.76,East,Online
1886,2025-12-24,Sports,110.11,3,20,264.26,East,Online
1918,2025-12-24,Sports,177.27,1,0,177.27,East,Online
2131,2025-12-24,Home & Kitchen,234.91,3,0,704.73,West,Online
2293,2025-12-24,Clothing,38.35,6,5,218.6,South,Online
2809,2025-12-24,Electronics,564.02,7,0,3948.14,South,Online
3097,2025-12-24,Sports,130.54,3,15,332.88,East,In-Store
3367,2025-12-24,Electronics,203.92,1,15,173.33,North,In-Store
3800,2025-12-24,Clothing,26.21,5,10,117.94,West,Online
4489,2025-12-24,Books,12.42,6,0,74.52,West,Online
4641,2025-12-24,Books,21.89,7,5,145.57,South,In-Store
5629,2025-12-24,Sports,148.76,3,5,423.97,South,Online
5856,2025-12-24,Sports,64.56,6,0,387.36,East,Online
1284,2025-12-25,Electronics,280.31,5,5,1331.47,East,In-Store
1315,2025-12-25,Electronics,614.69,4,0,2458.76,North,Online
2902,2025-12-25,Clothing,84.62,4,0,338.48,North,Online
2987,2025-12-25,Books,6.37,2,0,12.74,East,In-Store
3463,2025-12-25,Electronics,406.87,1,0,406.87,North,In-Store
3932,2025-12-25,Sports,164.03,7,5,1090.8,North,Online
4729,2025-12-25,Books,26.37,3,0,79.11,West,Online
5097,2025-12-25,Books,26.19,4,0,104.76,South,In-Store
5173,2025-12-25,Sports,40.93,3,0,122.79,North,Online
1029,2025-12-26,Electronics,405.8,2,5,771.02,East,Online
1129,2025-12-26,Clothing,54.09,3,0,162.27,East,Online
2843,2025-12-26,Electronics,190.06,5,5,902.78,South,Online
3379,2025-12-26,Home & Kitchen,108.96,4,0,435.84,South,Online
4771,2025-12-26,Books,6.02,5,0,30.1,East,Online
5419,2025-12-26,Books,19.72,3,0,59.16,East,Online
5719,2025-12-26,Books,34.5,3,10,93.15,West,In-Store
1218,2025-12-27,Clothing,18.97,5,0,94.85,North,Online
1371,2025-12-27,Home & Kitchen,57.91,7,5,385.1,South,Online
1753,2025-12-27,Home & Kitchen,192.79,5,20,771.16,South,Online
2502,2025-12-27,Electronics,657.11,2,0,1314.22,South,In-Store
2619,2025-12-27,Electronics,167.33,3,0,501.99,South,In-Store
2679,2025-12-27,Books,21.81,4,10,78.52,South,Online
2850,2025-12-27,Books,15.98,5,0,79.9,North,In-Store
3182,2025-12-27,Clothing,60.37,1,0,60.37,East,In-Store
3311,2025-12-27,Books,5.34,4,0,21.36,North,In-Store
3899,2025-12-27,Clothing,57.6,5,5,273.6,North,Online
4608,2025-12-27,Books,5.69,4,0,22.76,North,Online
4775,2025-12-27,Electronics,635.65,3,5,1811.6,West,Online
5283,2025-12-27,Home & Kitchen,117.42,6,15,598.84,North,Online
5316,2025-12-27,Electronics,889.18,5,0,4445.9,West,In-Store
5374,2025-12-27,Clothing,27.91,3,5,79.54,South,Online
5785,2025-12-27,Sports,65.46,5,0,327.3,North,In-Store
1375,2025-12-28,Books,16.6,3,0,49.8,West,Online
1826,2025-12-28,Home & Kitchen,171.41,2,0,342.82,South,Online
1899,2025-12-28,Sports,97.26,3,15,248.01,East,Online
1945,2025-12-28,Electronics,162.68,3,0,488.04,East,Online
2496,2025-12-28,Books,22.9,5,0,114.5,South,Online
2668,2025-12-28,Home & Kitchen,241.25,5,0,1206.25,East,Online
2676,2025-12-28,Books,28.32,5,0,141.6,East,Online
2747,2025-12-28,Electronics,318.48,5,0,1592.4,West,In-Store
4207,2025-12-28,Electronics,272.35,2,0,544.7,West,Online
4378,2025-12-28,Clothing,75.58,2,0,151.16,North,Online
4574,2025-12-28,Clothing,93.4,4,0,373.6,East,Online
4853,2025-12-28,Home & Kitchen,105.83,4,15,359.82,East,Online
5154,2025-12-28,Clothing,20.72,7,0,145.04,East,In-Store
5362,2025-12-28,Electronics,660.17,5,5,3135.81,East,Online
5386,2025-12-28,Home & Kitchen,137.57,3,0,412.71,South,Online
5804,2025-12-28,Books,13.13,4,0,52.52,East,In-Store
1521,2025-12-29,Clothing,111.98,3,5,319.14,East,Online
1773,2025-12-29,Books,34.54,4,0,138.16,North,Online
1780,2025-12-29,Home & Kitchen,142.97,3,0,428.91,East,Online
2399,2025-12-29,Clothing,55.45,4,5,210.71,South,Online
2686,2025-12-29,Home & Kitchen,147.58,7,0,1033.06,North,Online
2865,2025-12-29,Clothing,42.0,5,15,178.5,North,Online
3798,2025-12-29,Home & Kitchen,147.75,3,0,443.25,South,Online
4177,2025-12-29,Home & Kitchen,103.67,3,10,279.91,North,In-Store
5359,2025-12-29,Sports,152.17,6,0,913.02,North,Online
5634,2025-12-29,Books,26.83,4,10,96.59,West,Online
5747,2025-12-29,Clothing,64.0,6,20,307.2,West,Online
5762,2025-12-29,Clothing,96.15,5,0,480.75,West,In-Store
5821,2025-12-29,Electronics,442.67,3,0,1328.01,South,Online
1004,2025-12-30,Clothing,75.17,3,0,225.51,East,In-Store
1352,2025-12-30,Clothing,49.36,3,0,148.08,East,In-Store
1465,2025-12-30,Clothing,23.04,2,20,36.86,West,In-Store
1650,2025-12-30,Home & Kitchen,77.01,2,0,154.02,West,In-Store
2006,2025-12-30,Clothing,15.54,6,5,88.58,East,Online
2018,2025-12-30,Home & Kitchen,153.07,4,0,612.28,East,Online
2926,2025-12-30,Home & Kitchen,214.64,5,0,1073.2,East,Online
3214,2025-12-30,Home & Kitchen,118.68,4,15,403.51,West,Online
3815,2025-12-30,Home & Kitchen,75.32,3,0,225.96,North,Online
4755,2025-12-30,Home & Kitchen,143.89,4,15,489.23,South,Online
4814,2025-12-30,Electronics,293.0,5,0,1465.0,West,In-Store
4969,2025-12-30,Clothing,63.2,5,15,268.6,East,Online
5056,2025-12-30,Clothing,87.95,5,0,439.75,East,Online
1103,2025-12-31,Electronics,260.8,5,0,1304.0,East,In-Store
1161,2025-12-31,Electronics,617.5,2,5,1173.25,North,Online
1590,2025-12-31,Books,11.14,3,10,30.08,North,Online
1879,2025-12-31,Sports,59.08,1,0,59.08,North,Online
2181,2025-12-31,Books,13.93,5,15,59.2,South,Online
2260,2025-12-31,Clothing,47.84,4,0,191.36,North,Online
2832,2025-12-31,Electronics,474.17,6,0,2845.02,West,In-Store
3086,2025-12-31,Electronics,743.68,7,5,4945.47,North,Online
3168,2025-12-31,Books,35.77,3,15,91.21,South,Online
3213,2025-12-31,Clothing,13.7,2,0,27.4,North,In-Store
3634,2025-12-31,Home & Kitchen,88.33,4,15,300.32,North,Online
3775,2025-12-31,Electronics,636.89,7,0,4458.23,East,Online
3805,2025-12-31,Sports,128.79,2,0,257.58,North,Online
4293,2025-12-31,Electronics,191.92,7,0,1343.44,South,In-Store
4415,2025-12-31,Clothing,114.12,5,10,513.54,East,In-Store
4570,2025-12-31,Home & Kitchen,79.82,6,0,478.92,North,Online
4634,2025-12-31,Sports,66.16,2,15,112.47,South,Online
